filename,category,size_mb,modified,path
SERGIK - Can You Dance v2.mp3,SERGIK WAVs,11.67,2024-03-06,/Volumes/SERGIK 2tb2/Exports SERGIK/SERGIK WAVs/SERGIK - Can You Dance v2.mp3
SERGIK x OG Coconut x Kuhl - Mavericks.mp3,SERGIK WAVs,5.75,2024-03-05,/Volumes/SERGIK 2tb2/Exports SERGIK/SERGIK WAVs/SERGIK x OG Coconut x Kuhl - Mavericks.mp3
SERGIK x OG Coconut x Kuhl - Mavericks V2.mp3,SERGIK WAVs,7.32,2024-03-05,/Volumes/SERGIK 2tb2/Exports SERGIK/SERGIK WAVs/SERGIK x OG Coconut x Kuhl - Mavericks V2.mp3
SERGIK - Can You Dance.mp3,SERGIK WAVs,11.67,2024-03-04,/Volumes/SERGIK 2tb2/Exports SERGIK/SERGIK WAVs/SERGIK - Can You Dance.mp3
SERGIK - Like That .mp3,SERGIK WAVs,11.52,2024-02-29,/Volumes/SERGIK 2tb2/Exports SERGIK/SERGIK WAVs/SERGIK - Like That .mp3
SERGIK x OG Coconut - What you want.mp3,SERGIK WAVs,12.59,2024-03-01,/Volumes/SERGIK 2tb2/Exports SERGIK/SERGIK WAVs/SERGIK x OG Coconut - What you want.mp3
SERGIK - Funky Technician 1.mp3,SERGIK WAVs,12.4,2024-02-29,/Volumes/SERGIK 2tb2/Exports SERGIK/SERGIK WAVs/SERGIK - Funky Technician 1.mp3
SERGIK - They Know.mp3,SERGIK WAVs,10.04,2024-02-25,/Volumes/SERGIK 2tb2/Exports SERGIK/SERGIK WAVs/SERGIK - They Know.mp3
SERGIK - Been Done.mp3,SERGIK WAVs,9.68,2024-02-29,/Volumes/SERGIK 2tb2/Exports SERGIK/SERGIK WAVs/SERGIK - Been Done.mp3
SERGIK - Nothing to it.mp3,SERGIK WAVs,9.45,2024-03-12,/Volumes/SERGIK 2tb2/Exports SERGIK/SERGIK WAVs/SERGIK - Nothing to it.mp3
SERGIK - Whats the Reason.mp3,SERGIK WAVs,10.19,2024-02-24,/Volumes/SERGIK 2tb2/Exports SERGIK/SERGIK WAVs/SERGIK - Whats the Reason.mp3
SERGIK - Spring Swing.mp3,SERGIK WAVs,9.79,2024-02-24,/Volumes/SERGIK 2tb2/Exports SERGIK/SERGIK WAVs/SERGIK - Spring Swing.mp3
SERGIK  - Make it Bounce Pre-Master.mp3,SERGIK WAVs,9.88,2024-02-23,/Volumes/SERGIK 2tb2/Exports SERGIK/SERGIK WAVs/SERGIK  - Make it Bounce Pre-Master.mp3
SERGIK x Bob Secret - Kiss Me.mp3,SERGIK WAVs,9.23,2024-02-22,/Volumes/SERGIK 2tb2/Exports SERGIK/SERGIK WAVs/SERGIK x Bob Secret - Kiss Me.mp3
SERGIK - Money Talk Bs Walk.mp3,SERGIK WAVs,8.93,2024-02-20,/Volumes/SERGIK 2tb2/Exports SERGIK/SERGIK WAVs/SERGIK - Money Talk Bs Walk.mp3
SERGIK - Dont Mind Me.mp3,SERGIK WAVs,10.09,2024-02-21,/Volumes/SERGIK 2tb2/Exports SERGIK/SERGIK WAVs/SERGIK - Dont Mind Me.mp3
SERGIK - Illusions.mp3,SERGIK WAVs,11.28,2024-02-20,/Volumes/SERGIK 2tb2/Exports SERGIK/SERGIK WAVs/SERGIK - Illusions.mp3
SERGIK - Perspectives.mp3,SERGIK WAVs,14.06,2024-02-18,/Volumes/SERGIK 2tb2/Exports SERGIK/SERGIK WAVs/SERGIK - Perspectives.mp3
SERGIK - Uninvited v2.mp3,SERGIK WAVs,10.8,2024-02-17,/Volumes/SERGIK 2tb2/Exports SERGIK/SERGIK WAVs/SERGIK - Uninvited v2.mp3
Silent Jay x Sergik - Move Me .mp3,SERGIK WAVs,12.45,2024-02-17,/Volumes/SERGIK 2tb2/Exports SERGIK/SERGIK WAVs/Silent Jay x Sergik - Move Me .mp3
SERGIK x Breauxx x WWW - Uninvited.mp3,SERGIK WAVs,10.8,2024-02-16,/Volumes/SERGIK 2tb2/Exports SERGIK/SERGIK WAVs/SERGIK x Breauxx x WWW - Uninvited.mp3
SERGIK x SRIJA - Disco Power.mp3,SERGIK WAVs,9.3,2024-02-09,/Volumes/SERGIK 2tb2/Exports SERGIK/SERGIK WAVs/SERGIK x SRIJA - Disco Power.mp3
SERGIK - Dat Feelin.mp3,SERGIK WAVs,10.61,2024-02-14,/Volumes/SERGIK 2tb2/Exports SERGIK/SERGIK WAVs/SERGIK - Dat Feelin.mp3
SERGIK - 49ers - Move Your Feet (remix).mp3,SERGIK WAVs,9.52,2024-01-31,/Volumes/SERGIK 2tb2/Exports SERGIK/SERGIK WAVs/SERGIK - 49ers - Move Your Feet (remix).mp3
SERGIK x FM - Dog n Me.mp3,SERGIK WAVs,9.52,2024-02-08,/Volumes/SERGIK 2tb2/Exports SERGIK/SERGIK WAVs/SERGIK x FM - Dog n Me.mp3
SERGIK - Fk Wat They Say.mp3,SERGIK WAVs,8.93,2024-02-04,/Volumes/SERGIK 2tb2/Exports SERGIK/SERGIK WAVs/SERGIK - Fk Wat They Say.mp3
Silent Jay x SERGIK -  It's Getting.mp3,SERGIK WAVs,9.67,2024-02-04,/Volumes/SERGIK 2tb2/Exports SERGIK/SERGIK WAVs/Silent Jay x SERGIK -  It's Getting.mp3
SERGIK x JIMII - Do it Yourself v2.mp3,SERGIK WAVs,9.3,2024-02-02,/Volumes/SERGIK 2tb2/Exports SERGIK/SERGIK WAVs/SERGIK x JIMII - Do it Yourself v2.mp3
SERGIK x Slick Floyd - LDE.mp3,SERGIK WAVs,10.78,2024-02-02,/Volumes/SERGIK 2tb2/Exports SERGIK/SERGIK WAVs/SERGIK x Slick Floyd - LDE.mp3
SERGIK x JIMII - Do it Yourself.mp3,SERGIK WAVs,9.23,2024-02-01,/Volumes/SERGIK 2tb2/Exports SERGIK/SERGIK WAVs/SERGIK x JIMII - Do it Yourself.mp3
SERGIK - Funky Technician.mp3,SERGIK WAVs,8.8,2024-01-31,/Volumes/SERGIK 2tb2/Exports SERGIK/SERGIK WAVs/SERGIK - Funky Technician.mp3
SERGIK - My Type.mp3,SERGIK WAVs,11.33,2024-02-11,/Volumes/SERGIK 2tb2/Exports SERGIK/SERGIK WAVs/SERGIK - My Type.mp3
SERGIK - Have To Do It.mp3,SERGIK WAVs,12.45,2024-03-08,/Volumes/SERGIK 2tb2/Exports SERGIK/SERGIK WAVs/SERGIK - Have To Do It.mp3
SERGIK - Para Papa.mp3,SERGIK WAVs,8.79,2024-03-10,/Volumes/SERGIK 2tb2/Exports SERGIK/SERGIK WAVs/SERGIK - Para Papa.mp3
SERGIK x Mike Ron - MNWKA.mp3,SERGIK WAVs,11.54,2024-03-13,/Volumes/SERGIK 2tb2/Exports SERGIK/SERGIK WAVs/SERGIK x Mike Ron - MNWKA.mp3
SERGIK x Silent Jay - Numba One.mp3,SERGIK WAVs,9.52,2024-03-14,/Volumes/SERGIK 2tb2/Exports SERGIK/SERGIK WAVs/SERGIK x Silent Jay - Numba One.mp3
SERGIK - Celestial Groove.mp3,SERGIK WAVs,9.76,2024-03-14,/Volumes/SERGIK 2tb2/Exports SERGIK/SERGIK WAVs/SERGIK - Celestial Groove.mp3
SERGIK x Stan The Guitarman - Highway 1.mp3,SERGIK WAVs,9.59,2024-03-14,/Volumes/SERGIK 2tb2/Exports SERGIK/SERGIK WAVs/SERGIK x Stan The Guitarman - Highway 1.mp3
SERGIK x ESHER - Nitrous.mp3,SERGIK WAVs,13.29,2024-03-15,/Volumes/SERGIK 2tb2/Exports SERGIK/SERGIK WAVs/SERGIK x ESHER - Nitrous.mp3
SERGIK - Reverie.mp3,SERGIK WAVs,9.6,2024-03-15,/Volumes/SERGIK 2tb2/Exports SERGIK/SERGIK WAVs/SERGIK - Reverie.mp3
SERGIK x Stan The Guitarman - Interstate 1.mp3,SERGIK WAVs,9.99,2024-03-15,/Volumes/SERGIK 2tb2/Exports SERGIK/SERGIK WAVs/SERGIK x Stan The Guitarman - Interstate 1.mp3
SERGIK x Curiousoul - Midnight Mirage.mp3,SERGIK WAVs,8.41,2024-03-16,/Volumes/SERGIK 2tb2/Exports SERGIK/SERGIK WAVs/SERGIK x Curiousoul - Midnight Mirage.mp3
SERGIK - Check This Out.mp3,SERGIK WAVs,10.44,2024-03-16,/Volumes/SERGIK 2tb2/Exports SERGIK/SERGIK WAVs/SERGIK - Check This Out.mp3
SERIK x Stan The Guitarman - Well Known Treat.mp3,SERGIK WAVs,10.88,2024-03-23,/Volumes/SERGIK 2tb2/Exports SERGIK/SERGIK WAVs/SERIK x Stan The Guitarman - Well Known Treat.mp3
SERGIK - Like The Ol Days.mp3,SERGIK WAVs,7.98,2024-03-23,/Volumes/SERGIK 2tb2/Exports SERGIK/SERGIK WAVs/SERGIK - Like The Ol Days.mp3
SERGIK - Like The Ol Days (Bass VIP).mp3,SERGIK WAVs,7.98,2024-03-23,/Volumes/SERGIK 2tb2/Exports SERGIK/SERGIK WAVs/SERGIK - Like The Ol Days (Bass VIP).mp3
SERGIK - Big Macs n Jumbo Jacks.mp3,SERGIK WAVs,8.68,2024-03-25,/Volumes/SERGIK 2tb2/Exports SERGIK/SERGIK WAVs/SERGIK - Big Macs n Jumbo Jacks.mp3
SERGIK - 24:7 VIP 1.mp3,SERGIK WAVs,7.75,2024-03-25,/Volumes/SERGIK 2tb2/Exports SERGIK/SERGIK WAVs/SERGIK - 24:7 VIP 1.mp3
SERGIK - 24:7 VIP 2.mp3,SERGIK WAVs,7.75,2024-03-25,/Volumes/SERGIK 2tb2/Exports SERGIK/SERGIK WAVs/SERGIK - 24:7 VIP 2.mp3
SERGIK - Utopia.mp3,SERGIK WAVs,7.79,2024-03-26,/Volumes/SERGIK 2tb2/Exports SERGIK/SERGIK WAVs/SERGIK - Utopia.mp3
SERGIK - Jahdelicah.mp3,SERGIK WAVs,10.9,2024-03-28,/Volumes/SERGIK 2tb2/Exports SERGIK/SERGIK WAVs/SERGIK - Jahdelicah.mp3
SERGIK - Jahdelicah 1.mp3,SERGIK WAVs,10.61,2024-03-28,/Volumes/SERGIK 2tb2/Exports SERGIK/SERGIK WAVs/SERGIK - Jahdelicah 1.mp3
SERGIK - Dubonaut.mp3,SERGIK WAVs,10.13,2024-03-29,/Volumes/SERGIK 2tb2/Exports SERGIK/SERGIK WAVs/SERGIK - Dubonaut.mp3
SERGIK - Man On A Journey.mp3,SERGIK WAVs,9.92,2024-03-30,/Volumes/SERGIK 2tb2/Exports SERGIK/SERGIK WAVs/SERGIK - Man On A Journey.mp3
SERGIK - Needs.mp3,SERGIK WAVs,10.54,2024-04-04,/Volumes/SERGIK 2tb2/Exports SERGIK/SERGIK WAVs/SERGIK - Needs.mp3
SERGIK - Deep Side The Mood.mp3,SERGIK WAVs,11.12,2024-03-31,/Volumes/SERGIK 2tb2/Exports SERGIK/SERGIK WAVs/SERGIK - Deep Side The Mood.mp3
SERGIK x AUXLEE - The Conex.mp3,SERGIK WAVs,12.55,2024-04-01,/Volumes/SERGIK 2tb2/Exports SERGIK/SERGIK WAVs/SERGIK x AUXLEE - The Conex.mp3
SERGIK - Way Back.mp3,SERGIK WAVs,10.69,2024-04-05,/Volumes/SERGIK 2tb2/Exports SERGIK/SERGIK WAVs/SERGIK - Way Back.mp3
SERGIK - More Than Life.mp3,SERGIK WAVs,10.71,2024-04-07,/Volumes/SERGIK 2tb2/Exports SERGIK/SERGIK WAVs/SERGIK - More Than Life.mp3
SERGIK - Pop Musik.mp3,SERGIK WAVs,9.41,2024-04-07,/Volumes/SERGIK 2tb2/Exports SERGIK/SERGIK WAVs/SERGIK - Pop Musik.mp3
SERGIK - Book of Memories.mp3,SERGIK WAVs,10.14,2024-04-09,/Volumes/SERGIK 2tb2/Exports SERGIK/SERGIK WAVs/SERGIK - Book of Memories.mp3
SERGIK x Frank Terry - Repeat.mp3,SERGIK WAVs,11.71,2024-04-18,/Volumes/SERGIK 2tb2/Exports SERGIK/SERGIK WAVs/SERGIK x Frank Terry - Repeat.mp3
SERGIK - Movin.mp3,SERGIK WAVs,8.86,2024-04-19,/Volumes/SERGIK 2tb2/Exports SERGIK/SERGIK WAVs/SERGIK - Movin.mp3
SERGIK - I Feel Good.mp3,SERGIK WAVs,10.09,2024-04-20,/Volumes/SERGIK 2tb2/Exports SERGIK/SERGIK WAVs/SERGIK - I Feel Good.mp3
SERGIK - Rise n Shine.mp3,SERGIK WAVs,8.21,2024-04-20,/Volumes/SERGIK 2tb2/Exports SERGIK/SERGIK WAVs/SERGIK - Rise n Shine.mp3
SERGIK  - Dreamer.mp3,SERGIK WAVs,6.88,2024-04-22,/Volumes/SERGIK 2tb2/Exports SERGIK/SERGIK WAVs/SERGIK  - Dreamer.mp3
SERGIK x Silent Jay - Soul On Fire.mp3,SERGIK WAVs,9.6,2024-04-23,/Volumes/SERGIK 2tb2/Exports SERGIK/SERGIK WAVs/SERGIK x Silent Jay - Soul On Fire.mp3
SERGIK - Subliminal.mp3,SERGIK WAVs,7.34,2024-04-24,/Volumes/SERGIK 2tb2/Exports SERGIK/SERGIK WAVs/SERGIK - Subliminal.mp3
SERGIK - Subliminal acid.mp3,SERGIK WAVs,7.34,2024-04-24,/Volumes/SERGIK 2tb2/Exports SERGIK/SERGIK WAVs/SERGIK - Subliminal acid.mp3
SERGIK x Frank Terry - Cozy Cats.mp3,SERGIK WAVs,10.78,2024-04-25,/Volumes/SERGIK 2tb2/Exports SERGIK/SERGIK WAVs/SERGIK x Frank Terry - Cozy Cats.mp3
SERGIK - Brooting.mp3,SERGIK WAVs,8.42,2024-04-27,/Volumes/SERGIK 2tb2/Exports SERGIK/SERGIK WAVs/SERGIK - Brooting.mp3
SERGIK x Aloe Flipz - Betta Daze 88bpm.mp3,SERGIK WAVs,6.68,2024-05-10,/Volumes/SERGIK 2tb2/Exports SERGIK/SERGIK WAVs/SERGIK x Aloe Flipz - Betta Daze 88bpm.mp3
SERGIK x Aloe Flipz - Broken Problems.mp3,SERGIK WAVs,7.72,2024-05-10,/Volumes/SERGIK 2tb2/Exports SERGIK/SERGIK WAVs/SERGIK x Aloe Flipz - Broken Problems.mp3
SERGIK x Aloe Flipz - Broken Problems v2.mp3,SERGIK WAVs,7.59,2024-05-11,/Volumes/SERGIK 2tb2/Exports SERGIK/SERGIK WAVs/SERGIK x Aloe Flipz - Broken Problems v2.mp3
SERGIK - Back to The Basics.mp3,SERGIK WAVs,10.93,2024-05-16,/Volumes/SERGIK 2tb2/Exports SERGIK/SERGIK WAVs/SERGIK - Back to The Basics.mp3
SERGIK - Sunrise Bass.mp3,SERGIK WAVs,8.82,2024-05-16,/Volumes/SERGIK 2tb2/Exports SERGIK/SERGIK WAVs/SERGIK - Sunrise Bass.mp3
SERGIK x Jetski - Alienated.mp3,SERGIK WAVs,9.45,2024-05-17,/Volumes/SERGIK 2tb2/Exports SERGIK/SERGIK WAVs/SERGIK x Jetski - Alienated.mp3
SERGIK x Bob Secret - The Bag.mp3,SERGIK WAVs,9.76,2024-05-17,/Volumes/SERGIK 2tb2/Exports SERGIK/SERGIK WAVs/SERGIK x Bob Secret - The Bag.mp3
SERGIK x Bob Secret - The Bag v2.mp3,SERGIK WAVs,9.76,2024-05-17,/Volumes/SERGIK 2tb2/Exports SERGIK/SERGIK WAVs/SERGIK x Bob Secret - The Bag v2.mp3
SERGIK - In The Moment.mp3,SERGIK WAVs,8.42,2024-05-18,/Volumes/SERGIK 2tb2/Exports SERGIK/SERGIK WAVs/SERGIK - In The Moment.mp3
SERGIK - High Class.mp3,SERGIK WAVs,10.46,2024-05-24,/Volumes/SERGIK 2tb2/Exports SERGIK/SERGIK WAVs/SERGIK - High Class.mp3
SERGIK - What u gotta do.mp3,SERGIK WAVs,9.88,2024-05-20,/Volumes/SERGIK 2tb2/Exports SERGIK/SERGIK WAVs/SERGIK - What u gotta do.mp3
SERGIK - In The Moment V2.mp3,SERGIK WAVs,8.42,2024-05-20,/Volumes/SERGIK 2tb2/Exports SERGIK/SERGIK WAVs/SERGIK - In The Moment V2.mp3
SERGIK - One Of Those Nights.mp3,SERGIK WAVs,8.22,2024-05-31,/Volumes/SERGIK 2tb2/Exports SERGIK/SERGIK WAVs/SERGIK - One Of Those Nights.mp3
SERGIK x Zack Thrasher - Betta.mp3,SERGIK WAVs,10.03,2024-06-01,/Volumes/SERGIK 2tb2/Exports SERGIK/SERGIK WAVs/SERGIK x Zack Thrasher - Betta.mp3
SERGIK x Zack Thrasher - Betta v2.mp3,SERGIK WAVs,10.03,2024-06-01,/Volumes/SERGIK 2tb2/Exports SERGIK/SERGIK WAVs/SERGIK x Zack Thrasher - Betta v2.mp3
SERGIK - Somthn L's.mp3,SERGIK WAVs,11.44,2024-06-03,/Volumes/SERGIK 2tb2/Exports SERGIK/SERGIK WAVs/SERGIK - Somthn L's.mp3
SERGIK - So Good.mp3,SERGIK WAVs,10.03,2024-06-08,/Volumes/SERGIK 2tb2/Exports SERGIK/SERGIK WAVs/SERGIK - So Good.mp3
SERGIK - Something Sick.mp3,SERGIK WAVs,11.29,2024-06-04,/Volumes/SERGIK 2tb2/Exports SERGIK/SERGIK WAVs/SERGIK - Something Sick.mp3
SERGIK - The Worst.mp3,SERGIK WAVs,10.46,2024-06-04,/Volumes/SERGIK 2tb2/Exports SERGIK/SERGIK WAVs/SERGIK - The Worst.mp3
SERGIK - Must Be.mp3,SERGIK WAVs,8.72,2025-08-23,/Volumes/SERGIK 2tb2/Exports SERGIK/SERGIK WAVs/SERGIK - Must Be.mp3
SERGIK x Sean Hart - Madness In The Summer.mp3,SERGIK WAVs,9.93,2025-06-28,/Volumes/SERGIK 2tb2/Exports SERGIK/SERGIK WAVs/SERGIK x Sean Hart - Madness In The Summer.mp3
SERGIK x Sean Hart - Madness In The Summer 111bpm.mp3,SERGIK WAVs,10.56,2025-06-28,/Volumes/SERGIK 2tb2/Exports SERGIK/SERGIK WAVs/SERGIK x Sean Hart - Madness In The Summer 111bpm.mp3
SERGIK x Sean Watson x BeJanis - Make A Wish.mp3,SERGIK WAVs,9.32,2025-07-01,/Volumes/SERGIK 2tb2/Exports SERGIK/SERGIK WAVs/SERGIK x Sean Watson x BeJanis - Make A Wish.mp3
SERGIK - Dont Go.mp3,SERGIK WAVs,9.96,2025-08-24,/Volumes/SERGIK 2tb2/Exports SERGIK/SERGIK WAVs/SERGIK - Dont Go.mp3
SERGIK - Divine.mp3,SERGIK WAVs,7.56,2025-10-24,/Volumes/SERGIK 2tb2/Exports SERGIK/SERGIK WAVs/SERGIK - Divine.mp3
SERGIK - Yeeah Bwoy.mp3,SERGIK WAVs,10.61,2025-10-25,/Volumes/SERGIK 2tb2/Exports SERGIK/SERGIK WAVs/SERGIK - Yeeah Bwoy.mp3
SERGIK x Bone - Motion.mp3,SERGIK WAVs,5.23,2025-10-31,/Volumes/SERGIK 2tb2/Exports SERGIK/SERGIK WAVs/SERGIK x Bone - Motion.mp3
SERGIK -steppin 2  janis. sean.mp3,SERGIK WAVs,11.17,2025-11-01,/Volumes/SERGIK 2tb2/Exports SERGIK/SERGIK WAVs/SERGIK -steppin 2  janis. sean.mp3
SERGIK x Sean H x Be.Janis - Steppin .mp3,SERGIK WAVs,11.79,2025-11-01,/Volumes/SERGIK 2tb2/Exports SERGIK/SERGIK WAVs/SERGIK x Sean H x Be.Janis - Steppin .mp3
SERGIK - Bitty Bong Dub.mp3,SERGIK WAVs,9.89,2025-11-03,/Volumes/SERGIK 2tb2/Exports SERGIK/SERGIK WAVs/SERGIK - Bitty Bong Dub.mp3
SERGIK x Sean H x BeJanis - I Feel It.mp3,SERGIK WAVs,8.48,2025-11-14,/Volumes/SERGIK 2tb2/Exports SERGIK/SERGIK WAVs/SERGIK x Sean H x BeJanis - I Feel It.mp3
SERGIK - Tryna Get It.mp3,SERGIK WAVs,10.46,2025-11-15,/Volumes/SERGIK 2tb2/Exports SERGIK/SERGIK WAVs/SERGIK - Tryna Get It.mp3
SERGIK - Get It ViP2.mp3,SERGIK WAVs,10.61,2025-11-18,/Volumes/SERGIK 2tb2/Exports SERGIK/SERGIK WAVs/SERGIK - Get It ViP2.mp3
SERGIK x Breauxx - Move Me : Dance With Me.mp3,SERGIK WAVs,11.39,2025-11-18,/Volumes/SERGIK 2tb2/Exports SERGIK/SERGIK WAVs/SERGIK x Breauxx - Move Me : Dance With Me.mp3
SERGIK x Breauxx - Move Me : Dance With Me2.mp3,SERGIK WAVs,11.12,2025-11-18,/Volumes/SERGIK 2tb2/Exports SERGIK/SERGIK WAVs/SERGIK x Breauxx - Move Me : Dance With Me2.mp3
SERGIK x Andino - Alboroto.mp3,SERGIK WAVs,11.19,2025-11-19,/Volumes/SERGIK 2tb2/Exports SERGIK/SERGIK WAVs/SERGIK x Andino - Alboroto.mp3
SERGIK x Breauxx - Come Correct.mp3,SERGIK WAVs,9.88,2025-11-19,/Volumes/SERGIK 2tb2/Exports SERGIK/SERGIK WAVs/SERGIK x Breauxx - Come Correct.mp3
Andino x Segik La Selva.mp3,SERGIK WAVs,14.53,2025-11-20,/Volumes/SERGIK 2tb2/Exports SERGIK/SERGIK WAVs/Andino x Segik La Selva.mp3
LA MESA - JANIS DEMO.mp3,SERGIK WAVs,14.53,2025-11-28,/Volumes/SERGIK 2tb2/Exports SERGIK/SERGIK WAVs/LA MESA - JANIS DEMO.mp3
ANDINO x SERG - Corre JANIS ROUGH 1.mp3,SERGIK WAVs,14.53,2025-12-01,/Volumes/SERGIK 2tb2/Exports SERGIK/SERGIK WAVs/ANDINO x SERG - Corre JANIS ROUGH 1.mp3
ANDINO - La Mesa SEGIK JANIS ROUGH 1.mp3,SERGIK WAVs,14.53,2025-12-02,/Volumes/SERGIK 2tb2/Exports SERGIK/SERGIK WAVs/ANDINO - La Mesa SEGIK JANIS ROUGH 1.mp3
SERGIK - Salute.mp3,SERGIK WAVs,10.61,2025-12-02,/Volumes/SERGIK 2tb2/Exports SERGIK/SERGIK WAVs/SERGIK - Salute.mp3
SERGIK x Breauxx - Walk Dat Walk.mp3,SERGIK WAVs,7.03,2025-12-04,/Volumes/SERGIK 2tb2/Exports SERGIK/SERGIK WAVs/SERGIK x Breauxx - Walk Dat Walk.mp3
SERGIK - Upside Down.mp3,SERGIK WAVs,7.09,2025-12-11,/Volumes/SERGIK 2tb2/Exports SERGIK/SERGIK WAVs/SERGIK - Upside Down.mp3
SERGIK x Breauxx - Walk Dat Walk2.mp3,SERGIK WAVs,8.28,2025-12-04,/Volumes/SERGIK 2tb2/Exports SERGIK/SERGIK WAVs/SERGIK x Breauxx - Walk Dat Walk2.mp3
SERGIK x Slick Floyd - Listen Up.mp3,SERGIK WAVs,9.3,2025-12-06,/Volumes/SERGIK 2tb2/Exports SERGIK/SERGIK WAVs/SERGIK x Slick Floyd - Listen Up.mp3
ANDINO x SERGIK -  ELROW .mp3,SERGIK MP3s,15.0,2023-03-22,/Volumes/SERGIK 2tb2/Exports SERGIK/SERGIK MP3s/ANDINO x SERGIK -  ELROW .mp3
ANDINO x SERGIK -  ELROW 1.mp3,SERGIK MP3s,15.0,2023-03-23,/Volumes/SERGIK 2tb2/Exports SERGIK/SERGIK MP3s/ANDINO x SERGIK -  ELROW 1.mp3
baked turkey.mp3,SERGIK MP3s,6.31,2019-02-01,/Volumes/SERGIK 2tb2/Exports SERGIK/SERGIK MP3s/baked turkey.mp3
Barrio Bros - Bloops.mp3,SERGIK MP3s,9.37,2023-03-24,/Volumes/SERGIK 2tb2/Exports SERGIK/SERGIK MP3s/Barrio Bros - Bloops.mp3
C MAJOR W BATTLO.mp3,SERGIK MP3s,6.42,2022-04-04,/Volumes/SERGIK 2tb2/Exports SERGIK/SERGIK MP3s/C MAJOR W BATTLO.mp3
Ceemoar x Sergik - No Body.mp3,SERGIK MP3s,8.34,2023-04-04,/Volumes/SERGIK 2tb2/Exports SERGIK/SERGIK MP3s/Ceemoar x Sergik - No Body.mp3
Chasing the sun to Tokyo.mp3,SERGIK MP3s,6.34,2019-03-12,/Volumes/SERGIK 2tb2/Exports SERGIK/SERGIK MP3s/Chasing the sun to Tokyo.mp3
DINO x SERGIK - MEXICAN CHEETOS.mp3,SERGIK MP3s,9.88,2023-03-22,/Volumes/SERGIK 2tb2/Exports SERGIK/SERGIK MP3s/DINO x SERGIK - MEXICAN CHEETOS.mp3
DINO x SERGIK - MINIMAL .mp3,SERGIK MP3s,9.44,2023-03-22,/Volumes/SERGIK 2tb2/Exports SERGIK/SERGIK MP3s/DINO x SERGIK - MINIMAL .mp3
Lucy Lights.mp3,SERGIK MP3s,6.64,2019-02-23,/Volumes/SERGIK 2tb2/Exports SERGIK/SERGIK MP3s/Lucy Lights.mp3
Realm Transfer.mp3,SERGIK MP3s,8.14,2021-07-26,/Volumes/SERGIK 2tb2/Exports SERGIK/SERGIK MP3s/Realm Transfer.mp3
SERGIK - 6 Hours In.mp3,SERGIK MP3s,8.86,2022-03-04,/Volumes/SERGIK 2tb2/Exports SERGIK/SERGIK MP3s/SERGIK - 6 Hours In.mp3
Sergik - 90s Baby.mp3,SERGIK MP3s,8.55,2021-11-03,/Volumes/SERGIK 2tb2/Exports SERGIK/SERGIK MP3s/Sergik - 90s Baby.mp3
SERGIK - Abduction.mp3,SERGIK MP3s,8.79,2022-02-07,/Volumes/SERGIK 2tb2/Exports SERGIK/SERGIK MP3s/SERGIK - Abduction.mp3
SERGIK - Aha.mp3,SERGIK MP3s,10.12,2023-03-30,/Volumes/SERGIK 2tb2/Exports SERGIK/SERGIK MP3s/SERGIK - Aha.mp3
SERGIK - All My Ladies ft. Nessa.mp3,SERGIK MP3s,8.43,2022-03-04,/Volumes/SERGIK 2tb2/Exports SERGIK/SERGIK MP3s/SERGIK - All My Ladies ft. Nessa.mp3
SERGIK - Astro Spore.mp3,SERGIK MP3s,10.06,2021-12-04,/Volumes/SERGIK 2tb2/Exports SERGIK/SERGIK MP3s/SERGIK - Astro Spore.mp3
SERGIK - Atlantis.mp3,SERGIK MP3s,4.66,2021-09-21,/Volumes/SERGIK 2tb2/Exports SERGIK/SERGIK MP3s/SERGIK - Atlantis.mp3
SERGIK - Back Around.mp3,SERGIK MP3s,8.94,2022-05-21,/Volumes/SERGIK 2tb2/Exports SERGIK/SERGIK MP3s/SERGIK - Back Around.mp3
SERGIK - Bad Decisions.mp3,SERGIK MP3s,8.2,2022-03-04,/Volumes/SERGIK 2tb2/Exports SERGIK/SERGIK MP3s/SERGIK - Bad Decisions.mp3
SERGIK - Bass Bunker.mp3,SERGIK MP3s,8.46,2022-04-13,/Volumes/SERGIK 2tb2/Exports SERGIK/SERGIK MP3s/SERGIK - Bass Bunker.mp3
SERGIK - Be FreeNDaMind.mp3,SERGIK MP3s,8.36,2022-12-22,/Volumes/SERGIK 2tb2/Exports SERGIK/SERGIK MP3s/SERGIK - Be FreeNDaMind.mp3
SERGIK - Bender.mp3,SERGIK MP3s,9.3,2022-03-04,/Volumes/SERGIK 2tb2/Exports SERGIK/SERGIK MP3s/SERGIK - Bender.mp3
SERGIK - Birth of a planet.mp3,SERGIK MP3s,8.54,2021-09-27,/Volumes/SERGIK 2tb2/Exports SERGIK/SERGIK MP3s/SERGIK - Birth of a planet.mp3
Sergik - Bloops n Kats.mp3,SERGIK MP3s,7.18,2022-06-18,/Volumes/SERGIK 2tb2/Exports SERGIK/SERGIK MP3s/Sergik - Bloops n Kats.mp3
SERGIK - Bombaclat.mp3,SERGIK MP3s,3.88,2023-06-03,/Volumes/SERGIK 2tb2/Exports SERGIK/SERGIK MP3s/SERGIK - Bombaclat.mp3
SERGIK - Boomers.mp3,SERGIK MP3s,6.6,2021-12-02,/Volumes/SERGIK 2tb2/Exports SERGIK/SERGIK MP3s/SERGIK - Boomers.mp3
SERGIK - Bouncy Bop.mp3,SERGIK MP3s,8.27,2021-10-05,/Volumes/SERGIK 2tb2/Exports SERGIK/SERGIK MP3s/SERGIK - Bouncy Bop.mp3
SERGIK - Bye Spring (hip Hop).mp3,SERGIK MP3s,6.74,2022-04-08,/Volumes/SERGIK 2tb2/Exports SERGIK/SERGIK MP3s/SERGIK - Bye Spring (hip Hop).mp3
SERGIK - Came to get Lit.mp3,SERGIK MP3s,9.3,2022-03-04,/Volumes/SERGIK 2tb2/Exports SERGIK/SERGIK MP3s/SERGIK - Came to get Lit.mp3
SERGIK - Can't You See.mp3,SERGIK MP3s,9.3,2022-12-20,/Volumes/SERGIK 2tb2/Exports SERGIK/SERGIK MP3s/SERGIK - Can't You See.mp3
SERGIK - Cant Kill My Vibe.mp3,SERGIK MP3s,9.37,2022-12-20,/Volumes/SERGIK 2tb2/Exports SERGIK/SERGIK MP3s/SERGIK - Cant Kill My Vibe.mp3
SERGIK - Chasing the sun to Tokyo (Mastered).mp3,SERGIK MP3s,6.34,2021-08-07,/Volumes/SERGIK 2tb2/Exports SERGIK/SERGIK MP3s/SERGIK - Chasing the sun to Tokyo (Mastered).mp3
SERGIK - City Control.mp3,SERGIK MP3s,8.64,2022-05-29,/Volumes/SERGIK 2tb2/Exports SERGIK/SERGIK MP3s/SERGIK - City Control.mp3
SERGIK - Containment Breach.mp3,SERGIK MP3s,9.02,2022-05-13,/Volumes/SERGIK 2tb2/Exports SERGIK/SERGIK MP3s/SERGIK - Containment Breach.mp3
SERGIK - Cosmos.mp3,SERGIK MP3s,8.86,2022-08-10,/Volumes/SERGIK 2tb2/Exports SERGIK/SERGIK MP3s/SERGIK - Cosmos.mp3
SERGIK - Creature Hrs.mp3,SERGIK MP3s,8.86,2022-06-19,/Volumes/SERGIK 2tb2/Exports SERGIK/SERGIK MP3s/SERGIK - Creature Hrs.mp3
SERGIK - Creekside.mp3,SERGIK MP3s,9.23,2022-08-22,/Volumes/SERGIK 2tb2/Exports SERGIK/SERGIK MP3s/SERGIK - Creekside.mp3
Sergik - Desert Dweller.mp3,SERGIK MP3s,8.69,2021-12-14,/Volumes/SERGIK 2tb2/Exports SERGIK/SERGIK MP3s/Sergik - Desert Dweller.mp3
SERGIK - Digitality.mp3,SERGIK MP3s,7.44,2022-12-21,/Volumes/SERGIK 2tb2/Exports SERGIK/SERGIK MP3s/SERGIK - Digitality.mp3
SERGIK - Disco 82.mp3,SERGIK MP3s,8.34,2022-05-28,/Volumes/SERGIK 2tb2/Exports SERGIK/SERGIK MP3s/SERGIK - Disco 82.mp3
SERGIK - Discodellic.mp3,SERGIK MP3s,9.45,2023-02-07,/Volumes/SERGIK 2tb2/Exports SERGIK/SERGIK MP3s/SERGIK - Discodellic.mp3
SERGIK - Divine Molecules.mp3,SERGIK MP3s,9.08,2022-12-22,/Volumes/SERGIK 2tb2/Exports SERGIK/SERGIK MP3s/SERGIK - Divine Molecules.mp3
SERGIK - Do My Thang.mp3,SERGIK MP3s,9.01,2022-04-14,/Volumes/SERGIK 2tb2/Exports SERGIK/SERGIK MP3s/SERGIK - Do My Thang.mp3
Sergik - Do You.mp3,SERGIK MP3s,7.76,2021-09-09,/Volumes/SERGIK 2tb2/Exports SERGIK/SERGIK MP3s/Sergik - Do You.mp3
Sergik - Doses.2.mp3,SERGIK MP3s,9.96,2021-11-23,/Volumes/SERGIK 2tb2/Exports SERGIK/SERGIK MP3s/Sergik - Doses.2.mp3
Sergik - Doses.mp3,SERGIK MP3s,10.03,2021-11-14,/Volumes/SERGIK 2tb2/Exports SERGIK/SERGIK MP3s/Sergik - Doses.mp3
SERGIK - Double D's.mp3,SERGIK MP3s,9.52,2022-12-16,/Volumes/SERGIK 2tb2/Exports SERGIK/SERGIK MP3s/SERGIK - Double D's.mp3
SERGIK - Drunk n UFO'n.mp3,SERGIK MP3s,8.21,2022-05-13,/Volumes/SERGIK 2tb2/Exports SERGIK/SERGIK MP3s/SERGIK - Drunk n UFO'n.mp3
SERGIK - Dumb.mp3,SERGIK MP3s,8.2,2021-09-09,/Volumes/SERGIK 2tb2/Exports SERGIK/SERGIK MP3s/SERGIK - Dumb.mp3
SERGIK - Early Morning.mp3,SERGIK MP3s,9.01,2022-07-22,/Volumes/SERGIK 2tb2/Exports SERGIK/SERGIK MP3s/SERGIK - Early Morning.mp3
SERGIK - Everlast.mp3,SERGIK MP3s,9.92,2022-06-17,/Volumes/SERGIK 2tb2/Exports SERGIK/SERGIK MP3s/SERGIK - Everlast.mp3
SERGIK - Fall Back.mp3,SERGIK MP3s,8.79,2022-02-20,/Volumes/SERGIK 2tb2/Exports SERGIK/SERGIK MP3s/SERGIK - Fall Back.mp3
SERGIK - Fall Leafs.mp3,SERGIK MP3s,5.97,2021-09-22,/Volumes/SERGIK 2tb2/Exports SERGIK/SERGIK MP3s/SERGIK - Fall Leafs.mp3
SERGIK - Feeling Lit .mp3,SERGIK MP3s,7.69,2022-09-02,/Volumes/SERGIK 2tb2/Exports SERGIK/SERGIK MP3s/SERGIK - Feeling Lit .mp3
SERGIK - Feeling Lit.mp3,SERGIK MP3s,7.62,2022-03-04,/Volumes/SERGIK 2tb2/Exports SERGIK/SERGIK MP3s/SERGIK - Feeling Lit.mp3
SERGIK - Floatin.mp3,SERGIK MP3s,10.28,2023-05-09,/Volumes/SERGIK 2tb2/Exports SERGIK/SERGIK MP3s/SERGIK - Floatin.mp3
SERGIK - Freaks n Beats.mp3,SERGIK MP3s,8.79,2022-03-15,/Volumes/SERGIK 2tb2/Exports SERGIK/SERGIK MP3s/SERGIK - Freaks n Beats.mp3
Sergik - Freaky Up In Here.mp3,SERGIK MP3s,8.61,2021-08-27,/Volumes/SERGIK 2tb2/Exports SERGIK/SERGIK MP3s/Sergik - Freaky Up In Here.mp3
SERGIK - Frequency.mp3,SERGIK MP3s,10.94,2022-05-16,/Volumes/SERGIK 2tb2/Exports SERGIK/SERGIK MP3s/SERGIK - Frequency.mp3
SERGIK - Fxck it.mp3,SERGIK MP3s,9.52,2023-03-30,/Volumes/SERGIK 2tb2/Exports SERGIK/SERGIK MP3s/SERGIK - Fxck it.mp3
SERGIK - Get it Poppn.mp3,SERGIK MP3s,8.28,2023-02-23,/Volumes/SERGIK 2tb2/Exports SERGIK/SERGIK MP3s/SERGIK - Get it Poppn.mp3
SERGIK - GET ON MY VIBE.2.mp3,SERGIK MP3s,9.0,2021-12-27,/Volumes/SERGIK 2tb2/Exports SERGIK/SERGIK MP3s/SERGIK - GET ON MY VIBE.2.mp3
SERGIK - GET ON MY VIBE.mp3,SERGIK MP3s,9.0,2021-09-09,/Volumes/SERGIK 2tb2/Exports SERGIK/SERGIK MP3s/SERGIK - GET ON MY VIBE.mp3
SERGIK - Gone Floating.mp3,SERGIK MP3s,11.9,2022-12-20,/Volumes/SERGIK 2tb2/Exports SERGIK/SERGIK MP3s/SERGIK - Gone Floating.mp3
SERGIK - Groove Junkie.mp3,SERGIK MP3s,9.3,2023-03-22,/Volumes/SERGIK 2tb2/Exports SERGIK/SERGIK MP3s/SERGIK - Groove Junkie.mp3
Sergik - Hard to Love.mp3,SERGIK MP3s,7.32,2021-12-12,/Volumes/SERGIK 2tb2/Exports SERGIK/SERGIK MP3s/Sergik - Hard to Love.mp3
SERGIK - Have To Dance.mp3,SERGIK MP3s,9.67,2022-07-14,/Volumes/SERGIK 2tb2/Exports SERGIK/SERGIK MP3s/SERGIK - Have To Dance.mp3
SERGIK - Hold Me Down.mp3,SERGIK MP3s,10.24,2022-05-06,/Volumes/SERGIK 2tb2/Exports SERGIK/SERGIK MP3s/SERGIK - Hold Me Down.mp3
SERGIK - HUSTLE.mp3,SERGIK MP3s,8.79,2021-10-08,/Volumes/SERGIK 2tb2/Exports SERGIK/SERGIK MP3s/SERGIK - HUSTLE.mp3
Sergik - I Could.mp3,SERGIK MP3s,5.43,2021-11-26,/Volumes/SERGIK 2tb2/Exports SERGIK/SERGIK MP3s/Sergik - I Could.mp3
SERGIK - I Like the way.mp3,SERGIK MP3s,7.8,2021-09-09,/Volumes/SERGIK 2tb2/Exports SERGIK/SERGIK MP3s/SERGIK - I Like the way.mp3
Sergik - Its On till Dawn .mp3,SERGIK MP3s,10.7,2022-03-04,/Volumes/SERGIK 2tb2/Exports SERGIK/SERGIK MP3s/Sergik - Its On till Dawn .mp3
SERGIK - Juiced Up.mp3,SERGIK MP3s,9.59,2022-11-19,/Volumes/SERGIK 2tb2/Exports SERGIK/SERGIK MP3s/SERGIK - Juiced Up.mp3
Sergik - Kittymean.mp3,SERGIK MP3s,8.86,2021-11-04,/Volumes/SERGIK 2tb2/Exports SERGIK/SERGIK MP3s/Sergik - Kittymean.mp3
SERGIK - Kouch Potato.mp3,SERGIK MP3s,1.18,2022-03-03,/Volumes/SERGIK 2tb2/Exports SERGIK/SERGIK MP3s/SERGIK - Kouch Potato.mp3
SERGIK - Last Night?.mp3,SERGIK MP3s,8.28,2022-04-08,/Volumes/SERGIK 2tb2/Exports SERGIK/SERGIK MP3s/SERGIK - Last Night?.mp3
SERGIK - Let the music.mp3,SERGIK MP3s,1.83,2021-09-23,/Volumes/SERGIK 2tb2/Exports SERGIK/SERGIK MP3s/SERGIK - Let the music.mp3
SERGIK - Leveled.mp3,SERGIK MP3s,7.87,2021-09-21,/Volumes/SERGIK 2tb2/Exports SERGIK/SERGIK MP3s/SERGIK - Leveled.mp3
SERGIK - Lose Yourself.mp3,SERGIK MP3s,7.76,2022-03-19,/Volumes/SERGIK 2tb2/Exports SERGIK/SERGIK MP3s/SERGIK - Lose Yourself.mp3
SERGIK - Losing Control.mp3,SERGIK MP3s,8.57,2022-12-20,/Volumes/SERGIK 2tb2/Exports SERGIK/SERGIK MP3s/SERGIK - Losing Control.mp3
SERGIK - Lunar Gravity.mp3,SERGIK MP3s,9.68,2022-05-27,/Volumes/SERGIK 2tb2/Exports SERGIK/SERGIK MP3s/SERGIK - Lunar Gravity.mp3
SERGIK - Mind Rollercoaster.mp3,SERGIK MP3s,9.52,2022-02-06,/Volumes/SERGIK 2tb2/Exports SERGIK/SERGIK MP3s/SERGIK - Mind Rollercoaster.mp3
SERGIK - Motions.mp3,SERGIK MP3s,6.01,2021-08-28,/Volumes/SERGIK 2tb2/Exports SERGIK/SERGIK MP3s/SERGIK - Motions.mp3
Sergik - Music is my drug.mp3,SERGIK MP3s,8.94,2022-05-24,/Volumes/SERGIK 2tb2/Exports SERGIK/SERGIK MP3s/Sergik - Music is my drug.mp3
SERGIK - Never Hold Back.mp3,SERGIK MP3s,9.59,2022-03-04,/Volumes/SERGIK 2tb2/Exports SERGIK/SERGIK MP3s/SERGIK - Never Hold Back.mp3
SERGIK - Nimbus Ride.mp3,SERGIK MP3s,9.92,2022-03-19,/Volumes/SERGIK 2tb2/Exports SERGIK/SERGIK MP3s/SERGIK - Nimbus Ride.mp3
SERGIK - No Fvcks Left.mp3,SERGIK MP3s,8.72,2022-05-13,/Volumes/SERGIK 2tb2/Exports SERGIK/SERGIK MP3s/SERGIK - No Fvcks Left.mp3
SERGIK - On Slack.mp3,SERGIK MP3s,6.87,2023-05-05,/Volumes/SERGIK 2tb2/Exports SERGIK/SERGIK MP3s/SERGIK - On Slack.mp3
SERGIK - On the Go.mp3,SERGIK MP3s,6.34,2022-12-15,/Volumes/SERGIK 2tb2/Exports SERGIK/SERGIK MP3s/SERGIK - On the Go.mp3
SERGIK - Ooh I Like That.mp3,SERGIK MP3s,10.78,2022-08-10,/Volumes/SERGIK 2tb2/Exports SERGIK/SERGIK MP3s/SERGIK - Ooh I Like That.mp3
SERGIK - Oooh Ah Eee.mp3,SERGIK MP3s,8.27,2022-03-24,/Volumes/SERGIK 2tb2/Exports SERGIK/SERGIK MP3s/SERGIK - Oooh Ah Eee.mp3
SERGIK - Oye Mami.mp3,SERGIK MP3s,9.67,2022-06-24,/Volumes/SERGIK 2tb2/Exports SERGIK/SERGIK MP3s/SERGIK - Oye Mami.mp3
SERGIK - Party People.mp3,SERGIK MP3s,9.23,2023-03-14,/Volumes/SERGIK 2tb2/Exports SERGIK/SERGIK MP3s/SERGIK - Party People.mp3
SERGIK - Peer Pressure.mp3,SERGIK MP3s,9.52,2022-04-08,/Volumes/SERGIK 2tb2/Exports SERGIK/SERGIK MP3s/SERGIK - Peer Pressure.mp3
SERGIK - Rabbit hole.mp3,SERGIK MP3s,7.09,2021-11-28,/Volumes/SERGIK 2tb2/Exports SERGIK/SERGIK MP3s/SERGIK - Rabbit hole.mp3
SERGIK - Radiowave Contact.mp3,SERGIK MP3s,9.38,2022-06-10,/Volumes/SERGIK 2tb2/Exports SERGIK/SERGIK MP3s/SERGIK - Radiowave Contact.mp3
SERGIK - Rooftop Sunsets.mp3,SERGIK MP3s,10.09,2022-06-25,/Volumes/SERGIK 2tb2/Exports SERGIK/SERGIK MP3s/SERGIK - Rooftop Sunsets.mp3
SERGIK - Roundabout No Exit.mp3,SERGIK MP3s,8.43,2022-04-23,/Volumes/SERGIK 2tb2/Exports SERGIK/SERGIK MP3s/SERGIK - Roundabout No Exit.mp3
SERGIK - Rover Coasting.mp3,SERGIK MP3s,9.38,2022-05-28,/Volumes/SERGIK 2tb2/Exports SERGIK/SERGIK MP3s/SERGIK - Rover Coasting.mp3
SERGIK - Rules Dont Apply.mp3,SERGIK MP3s,8.42,2022-07-01,/Volumes/SERGIK 2tb2/Exports SERGIK/SERGIK MP3s/SERGIK - Rules Dont Apply.mp3
SERGIK - Self Love.mp3,SERGIK MP3s,9.68,2022-03-19,/Volumes/SERGIK 2tb2/Exports SERGIK/SERGIK MP3s/SERGIK - Self Love.mp3
Sergik - Shifting.mp3,SERGIK MP3s,10.04,2022-04-16,/Volumes/SERGIK 2tb2/Exports SERGIK/SERGIK MP3s/Sergik - Shifting.mp3
SERGIK - Something.mp3,SERGIK MP3s,9.45,2023-04-08,/Volumes/SERGIK 2tb2/Exports SERGIK/SERGIK MP3s/SERGIK - Something.mp3
SERGIK - Soular Exploration.mp3,SERGIK MP3s,8.35,2022-06-28,/Volumes/SERGIK 2tb2/Exports SERGIK/SERGIK MP3s/SERGIK - Soular Exploration.mp3
SERGIK - Space Dust.mp3,SERGIK MP3s,5.63,2021-09-21,/Volumes/SERGIK 2tb2/Exports SERGIK/SERGIK MP3s/SERGIK - Space Dust.mp3
SERGIK - Spanktula.1.mp3,SERGIK MP3s,7.62,2022-03-04,/Volumes/SERGIK 2tb2/Exports SERGIK/SERGIK MP3s/SERGIK - Spanktula.1.mp3
SERGIK - Spanktula.mp3,SERGIK MP3s,7.62,2022-02-04,/Volumes/SERGIK 2tb2/Exports SERGIK/SERGIK MP3s/SERGIK - Spanktula.mp3
SERGIK - Swonky 1.mp3,SERGIK MP3s,8.07,2023-03-23,/Volumes/SERGIK 2tb2/Exports SERGIK/SERGIK MP3s/SERGIK - Swonky 1.mp3
SERGIK - Swonky.mp3,SERGIK MP3s,8.07,2023-03-22,/Volumes/SERGIK 2tb2/Exports SERGIK/SERGIK MP3s/SERGIK - Swonky.mp3
SERGIK - Take A Walk.mp3,SERGIK MP3s,8.35,2022-06-30,/Volumes/SERGIK 2tb2/Exports SERGIK/SERGIK MP3s/SERGIK - Take A Walk.mp3
SERGIK - Take.mp3,SERGIK MP3s,9.45,2022-03-04,/Volumes/SERGIK 2tb2/Exports SERGIK/SERGIK MP3s/SERGIK - Take.mp3
SERGIK - Tell me wat it do.mp3,SERGIK MP3s,9.37,2022-12-01,/Volumes/SERGIK 2tb2/Exports SERGIK/SERGIK MP3s/SERGIK - Tell me wat it do.mp3
SERGIK - Tell Me What It Do.mp3,SERGIK MP3s,9.3,2022-12-01,/Volumes/SERGIK 2tb2/Exports SERGIK/SERGIK MP3s/SERGIK - Tell Me What It Do.mp3
Sergik - Tell Me.mp3,SERGIK MP3s,9.37,2021-09-08,/Volumes/SERGIK 2tb2/Exports SERGIK/SERGIK MP3s/Sergik - Tell Me.mp3
SERGIK - Temptations.mp3,SERGIK MP3s,7.87,2021-12-13,/Volumes/SERGIK 2tb2/Exports SERGIK/SERGIK MP3s/SERGIK - Temptations.mp3
SERGIK - This is the sound.mp3,SERGIK MP3s,9.24,2021-09-09,/Volumes/SERGIK 2tb2/Exports SERGIK/SERGIK MP3s/SERGIK - This is the sound.mp3
SERGIK - Turn in to.mp3,SERGIK MP3s,9.3,2022-04-03,/Volumes/SERGIK 2tb2/Exports SERGIK/SERGIK MP3s/SERGIK - Turn in to.mp3
SERGIK - Up All Night.mp3,SERGIK MP3s,7.75,2021-12-10,/Volumes/SERGIK 2tb2/Exports SERGIK/SERGIK MP3s/SERGIK - Up All Night.mp3
SERGIK - Up n Down.mp3,SERGIK MP3s,7.7,2022-11-19,/Volumes/SERGIK 2tb2/Exports SERGIK/SERGIK MP3s/SERGIK - Up n Down.mp3
SERGIK - Vibrationz.mp3,SERGIK MP3s,9.68,2022-05-29,/Volumes/SERGIK 2tb2/Exports SERGIK/SERGIK MP3s/SERGIK - Vibrationz.mp3
SERGIK - Want What I Want.mp3,SERGIK MP3s,9.01,2022-03-10,/Volumes/SERGIK 2tb2/Exports SERGIK/SERGIK MP3s/SERGIK - Want What I Want.mp3
Sergik - Warehouse District.mp3,SERGIK MP3s,8.86,2021-12-02,/Volumes/SERGIK 2tb2/Exports SERGIK/SERGIK MP3s/Sergik - Warehouse District.mp3
SERGIK - We Got It.mp3,SERGIK MP3s,8.94,2023-02-21,/Volumes/SERGIK 2tb2/Exports SERGIK/SERGIK MP3s/SERGIK - We Got It.mp3
SERGIK - What You Gon Do.mp3,SERGIK MP3s,9.52,2022-07-20,/Volumes/SERGIK 2tb2/Exports SERGIK/SERGIK MP3s/SERGIK - What You Gon Do.mp3
SERGIK - Whats the Plan Ft. WWW.mp3,SERGIK MP3s,8.42,2021-12-17,/Volumes/SERGIK 2tb2/Exports SERGIK/SERGIK MP3s/SERGIK - Whats the Plan Ft. WWW.mp3
SERGIK - When we go.mp3,SERGIK MP3s,8.79,2023-04-19,/Volumes/SERGIK 2tb2/Exports SERGIK/SERGIK MP3s/SERGIK - When we go.mp3
SERGIK - Why Not.mp3,SERGIK MP3s,10.19,2022-05-22,/Volumes/SERGIK 2tb2/Exports SERGIK/SERGIK MP3s/SERGIK - Why Not.mp3
SERGIK - Wiggly.mp3,SERGIK MP3s,8.49,2021-10-06,/Volumes/SERGIK 2tb2/Exports SERGIK/SERGIK MP3s/SERGIK - Wiggly.mp3
SERGIK - WooksWonkWubz.mp3,SERGIK MP3s,5.75,2022-03-19,/Volumes/SERGIK 2tb2/Exports SERGIK/SERGIK MP3s/SERGIK - WooksWonkWubz.mp3
Sergik ft. 1200runway x DJ Epidemik - Its My Birthday?.mp3,SERGIK MP3s,8.86,2021-11-07,/Volumes/SERGIK 2tb2/Exports SERGIK/SERGIK MP3s/Sergik ft. 1200runway x DJ Epidemik - Its My Birthday?.mp3
SERGIK ft. Javi - LOKO.mp3,SERGIK MP3s,8.42,2022-05-13,/Volumes/SERGIK 2tb2/Exports SERGIK/SERGIK MP3s/SERGIK ft. Javi - LOKO.mp3
SERGIK ft. Residuo - Gottalotta.1.mp3,SERGIK MP3s,9.6,2022-04-03,/Volumes/SERGIK 2tb2/Exports SERGIK/SERGIK MP3s/SERGIK ft. Residuo - Gottalotta.1.mp3
SERGIK x Bone - Cosmic Cadillac.mp3,SERGIK MP3s,9.87,2022-11-04,/Volumes/SERGIK 2tb2/Exports SERGIK/SERGIK MP3s/SERGIK x Bone - Cosmic Cadillac.mp3
SERGIK x Braydo - Bicycle Day.mp3,SERGIK MP3s,8.79,2022-04-20,/Volumes/SERGIK 2tb2/Exports SERGIK/SERGIK MP3s/SERGIK x Braydo - Bicycle Day.mp3
SERGIK x Breauxx - You Can't 1.mp3,SERGIK MP3s,8.97,2023-01-19,/Volumes/SERGIK 2tb2/Exports SERGIK/SERGIK MP3s/SERGIK x Breauxx - You Can't 1.mp3
SERGIK x Breauxx - You Can't.mp3,SERGIK MP3s,8.97,2022-07-17,/Volumes/SERGIK 2tb2/Exports SERGIK/SERGIK MP3s/SERGIK x Breauxx - You Can't.mp3
SERGIK x Cafe Caderas - House Girls.mp3,SERGIK MP3s,8.28,2021-09-09,/Volumes/SERGIK 2tb2/Exports SERGIK/SERGIK MP3s/SERGIK x Cafe Caderas - House Girls.mp3
SERGIK x CEEMOAR x GOJI - SlimThick.mp3,SERGIK MP3s,8.72,2023-04-13,/Volumes/SERGIK 2tb2/Exports SERGIK/SERGIK MP3s/SERGIK x CEEMOAR x GOJI - SlimThick.mp3
SERGIK x CHKLZ - On Da Flow.mp3,SERGIK MP3s,8.8,2023-04-12,/Volumes/SERGIK 2tb2/Exports SERGIK/SERGIK MP3s/SERGIK x CHKLZ - On Da Flow.mp3
SERGIK x CHKLZ - To Da Flow.mp3,SERGIK MP3s,6.98,2023-04-10,/Volumes/SERGIK 2tb2/Exports SERGIK/SERGIK MP3s/SERGIK x CHKLZ - To Da Flow.mp3
SERGIK x Dillon Nathaniel - Moon Glazin.mp3,SERGIK MP3s,8.73,2022-05-13,/Volumes/SERGIK 2tb2/Exports SERGIK/SERGIK MP3s/SERGIK x Dillon Nathaniel - Moon Glazin.mp3
Sergik x DJ Dalle - Its Your turn.mp3,SERGIK MP3s,9.99,2021-09-20,/Volumes/SERGIK 2tb2/Exports SERGIK/SERGIK MP3s/Sergik x DJ Dalle - Its Your turn.mp3
Sergik x DJ Epidemik x 1200Runway - No Time.mp3,SERGIK MP3s,7.62,2021-10-03,/Volumes/SERGIK 2tb2/Exports SERGIK/SERGIK MP3s/Sergik x DJ Epidemik x 1200Runway - No Time.mp3
SERGIK x Emperor Obscure - Baggin On Me.mp3,SERGIK MP3s,8.94,2022-07-03,/Volumes/SERGIK 2tb2/Exports SERGIK/SERGIK MP3s/SERGIK x Emperor Obscure - Baggin On Me.mp3
SERGIK x Francisco Josue - Let Me.2.mp3,SERGIK MP3s,9.45,2021-10-02,/Volumes/SERGIK 2tb2/Exports SERGIK/SERGIK MP3s/SERGIK x Francisco Josue - Let Me.2.mp3
SERGIK x Francisco Josue - Let Me.mp3,SERGIK MP3s,9.6,2021-10-01,/Volumes/SERGIK 2tb2/Exports SERGIK/SERGIK MP3s/SERGIK x Francisco Josue - Let Me.mp3
Sergik x Grund - Oh My.mp3,SERGIK MP3s,7.62,2021-10-04,/Volumes/SERGIK 2tb2/Exports SERGIK/SERGIK MP3s/Sergik x Grund - Oh My.mp3
Sergik x Hausofdevotion - Delirium.mp3,SERGIK MP3s,6.5,2021-11-02,/Volumes/SERGIK 2tb2/Exports SERGIK/SERGIK MP3s/Sergik x Hausofdevotion - Delirium.mp3
SERGIK x Hausofdevotion - Love Again.mp3,SERGIK MP3s,7.63,2021-12-01,/Volumes/SERGIK 2tb2/Exports SERGIK/SERGIK MP3s/SERGIK x Hausofdevotion - Love Again.mp3
SERGIK x Javi - Smoke Break at Da Crib VIP.2.mp3,SERGIK MP3s,7.32,2022-04-10,/Volumes/SERGIK 2tb2/Exports SERGIK/SERGIK MP3s/SERGIK x Javi - Smoke Break at Da Crib VIP.2.mp3
SERGIK x Javi - Smoke Break at Da Crib VIP1.mp3,SERGIK MP3s,7.32,2022-04-09,/Volumes/SERGIK 2tb2/Exports SERGIK/SERGIK MP3s/SERGIK x Javi - Smoke Break at Da Crib VIP1.mp3
SERGIK x Javi - Smoke Break at Da Crib.mp3,SERGIK MP3s,7.32,2022-04-09,/Volumes/SERGIK 2tb2/Exports SERGIK/SERGIK MP3s/SERGIK x Javi - Smoke Break at Da Crib.mp3
SERGIK X JIMII - JUST IN CASE .mp3,SERGIK MP3s,10.44,2023-02-21,/Volumes/SERGIK 2tb2/Exports SERGIK/SERGIK MP3s/SERGIK X JIMII - JUST IN CASE .mp3
SERGIK X Karlido x Joc - Love in Ibiza.mp3,SERGIK MP3s,7.97,2022-10-01,/Volumes/SERGIK 2tb2/Exports SERGIK/SERGIK MP3s/SERGIK X Karlido x Joc - Love in Ibiza.mp3
SERGIK x Kody Black x Lugh Haurie - All My Friends.mp3,SERGIK MP3s,9.95,2022-03-23,/Volumes/SERGIK 2tb2/Exports SERGIK/SERGIK MP3s/SERGIK x Kody Black x Lugh Haurie - All My Friends.mp3
SERGIK x Konbot x Lavender - Moon Freakin.mp3,SERGIK MP3s,8.42,2022-08-18,/Volumes/SERGIK 2tb2/Exports SERGIK/SERGIK MP3s/SERGIK x Konbot x Lavender - Moon Freakin.mp3
SERGIK x L9V - City Circus.mp3,SERGIK MP3s,8.45,2022-04-14,/Volumes/SERGIK 2tb2/Exports SERGIK/SERGIK MP3s/SERGIK x L9V - City Circus.mp3
SERGIK x L9V - DarkPark.mp3,SERGIK MP3s,10.55,2022-06-04,/Volumes/SERGIK 2tb2/Exports SERGIK/SERGIK MP3s/SERGIK x L9V - DarkPark.mp3
Sergik x L9V - Hourglass.mp3,SERGIK MP3s,7.76,2022-02-05,/Volumes/SERGIK 2tb2/Exports SERGIK/SERGIK MP3s/Sergik x L9V - Hourglass.mp3
SERGIK x Ladell Ransom - Desiderata.mp3,SERGIK MP3s,5.81,2023-04-13,/Volumes/SERGIK 2tb2/Exports SERGIK/SERGIK MP3s/SERGIK x Ladell Ransom - Desiderata.mp3
SERGIK x LODIN - Bussin v2.mp3,SERGIK MP3s,9.3,2023-02-17,/Volumes/SERGIK 2tb2/Exports SERGIK/SERGIK MP3s/SERGIK x LODIN - Bussin v2.mp3
SERGIK x LODIN - Bussin.mp3,SERGIK MP3s,9.45,2023-02-16,/Volumes/SERGIK 2tb2/Exports SERGIK/SERGIK MP3s/SERGIK x LODIN - Bussin.mp3
Sergik x Mateo Haze - Changing Lanes.mp3,SERGIK MP3s,8.5,2021-12-16,/Volumes/SERGIK 2tb2/Exports SERGIK/SERGIK MP3s/Sergik x Mateo Haze - Changing Lanes.mp3
SERGIK x Melfice - Buggn.mp3,SERGIK MP3s,8.35,2022-05-22,/Volumes/SERGIK 2tb2/Exports SERGIK/SERGIK MP3s/SERGIK x Melfice - Buggn.mp3
SERGIK x MEUGEN - Lucid .mp3,SERGIK MP3s,4.14,2021-09-21,/Volumes/SERGIK 2tb2/Exports SERGIK/SERGIK MP3s/SERGIK x MEUGEN - Lucid .mp3
SERGIK x NOBOUNDS - Alleyways.mp3,SERGIK MP3s,10.63,2021-12-29,/Volumes/SERGIK 2tb2/Exports SERGIK/SERGIK MP3s/SERGIK x NOBOUNDS - Alleyways.mp3
Sergik x Nobounds - Not My Fault.mp3,SERGIK MP3s,8.35,2021-12-15,/Volumes/SERGIK 2tb2/Exports SERGIK/SERGIK MP3s/Sergik x Nobounds - Not My Fault.mp3
SERGIK x Optikz - Front to Da Back.mp3,SERGIK MP3s,8.28,2023-02-21,/Volumes/SERGIK 2tb2/Exports SERGIK/SERGIK MP3s/SERGIK x Optikz - Front to Da Back.mp3
SERGIK x Silent Jay - Late Morning.mp3,SERGIK MP3s,4.07,2023-04-02,/Volumes/SERGIK 2tb2/Exports SERGIK/SERGIK MP3s/SERGIK x Silent Jay - Late Morning.mp3
SERGIK x Silent Jay - Late Morning1.mp3,SERGIK MP3s,9.37,2023-04-07,/Volumes/SERGIK 2tb2/Exports SERGIK/SERGIK MP3s/SERGIK x Silent Jay - Late Morning1.mp3
SERGIK x Silent Jay - Make Me Free.mp3,SERGIK MP3s,9.23,2022-04-23,/Volumes/SERGIK 2tb2/Exports SERGIK/SERGIK MP3s/SERGIK x Silent Jay - Make Me Free.mp3
SERGIK x Silent Jay - Move n Groove.mp3,SERGIK MP3s,8.35,2023-04-02,/Volumes/SERGIK 2tb2/Exports SERGIK/SERGIK MP3s/SERGIK x Silent Jay - Move n Groove.mp3
Sergik x Silent Jay - tear the roof off.mp3,SERGIK MP3s,9.41,2023-03-31,/Volumes/SERGIK 2tb2/Exports SERGIK/SERGIK MP3s/Sergik x Silent Jay - tear the roof off.mp3
Sergik x Silent Jay - We All Turnt.mp3,SERGIK MP3s,8.4,2021-11-22,/Volumes/SERGIK 2tb2/Exports SERGIK/SERGIK MP3s/Sergik x Silent Jay - We All Turnt.mp3
SERGIK x Silent Jay x Van - Viva Ponderosa.mp3,SERGIK MP3s,8.72,2023-04-07,/Volumes/SERGIK 2tb2/Exports SERGIK/SERGIK MP3s/SERGIK x Silent Jay x Van - Viva Ponderosa.mp3
Sergik x Skeezy - Gangsta.mp3,SERGIK MP3s,12.5,2023-02-21,/Volumes/SERGIK 2tb2/Exports SERGIK/SERGIK MP3s/Sergik x Skeezy - Gangsta.mp3
SERGIK x Skeezy - Keep Myself .mp3,SERGIK MP3s,10.55,2023-02-24,/Volumes/SERGIK 2tb2/Exports SERGIK/SERGIK MP3s/SERGIK x Skeezy - Keep Myself .mp3
SERGIK x Skeezy- Brain Alter.mp3,SERGIK MP3s,12.11,2023-03-30,/Volumes/SERGIK 2tb2/Exports SERGIK/SERGIK MP3s/SERGIK x Skeezy- Brain Alter.mp3
SERGIK x SLICK FLOYD - Feelin Good.mp3,SERGIK MP3s,8.79,2022-05-06,/Volumes/SERGIK 2tb2/Exports SERGIK/SERGIK MP3s/SERGIK x SLICK FLOYD - Feelin Good.mp3
Sergik x Slick Floyd - If you want to.mp3,SERGIK MP3s,9.37,2021-11-10,/Volumes/SERGIK 2tb2/Exports SERGIK/SERGIK MP3s/Sergik x Slick Floyd - If you want to.mp3
SERGIK x Slick Floyd - Just Groove.mp3,SERGIK MP3s,8.35,2023-06-04,/Volumes/SERGIK 2tb2/Exports SERGIK/SERGIK MP3s/SERGIK x Slick Floyd - Just Groove.mp3
SERGIK x Steve - Yard man.mp3,SERGIK MP3s,6.92,2023-06-04,/Volumes/SERGIK 2tb2/Exports SERGIK/SERGIK MP3s/SERGIK x Steve - Yard man.mp3
SERGIK x Steve - Yardman.mp3,SERGIK MP3s,4.61,2023-05-27,/Volumes/SERGIK 2tb2/Exports SERGIK/SERGIK MP3s/SERGIK x Steve - Yardman.mp3
SERGIK x Zonii - kcuf.mp3,SERGIK MP3s,5.86,2022-02-08,/Volumes/SERGIK 2tb2/Exports SERGIK/SERGIK MP3s/SERGIK x Zonii - kcuf.mp3
SERGIK x Zonii - LAZER BEAMS.mp3,SERGIK MP3s,8.06,2022-02-07,/Volumes/SERGIK 2tb2/Exports SERGIK/SERGIK MP3s/SERGIK x Zonii - LAZER BEAMS.mp3
SnoopCat.mp3,SERGIK MP3s,7.26,2020-06-04,/Volumes/SERGIK 2tb2/Exports SERGIK/SERGIK MP3s/SnoopCat.mp3
space dust.mp3,SERGIK MP3s,6.7,2020-11-13,/Volumes/SERGIK 2tb2/Exports SERGIK/SERGIK MP3s/space dust.mp3
These times.mp3,SERGIK MP3s,1.62,2020-06-03,/Volumes/SERGIK 2tb2/Exports SERGIK/SERGIK MP3s/These times.mp3
This is the sound.mp3,SERGIK MP3s,9.23,2021-05-04,/Volumes/SERGIK 2tb2/Exports SERGIK/SERGIK MP3s/This is the sound.mp3
Wander.mp3,SERGIK MP3s,5.91,2021-08-07,/Volumes/SERGIK 2tb2/Exports SERGIK/SERGIK MP3s/Wander.mp3
We Should Save - Dubba Haus.mp3,SERGIK MP3s,6.66,2022-04-11,/Volumes/SERGIK 2tb2/Exports SERGIK/SERGIK MP3s/We Should Save - Dubba Haus.mp3
SERGIK  - Make it Bounce.mp3,SERGIK MP3s,9.88,2024-01-30,/Volumes/SERGIK 2tb2/Exports SERGIK/SERGIK MP3s/SERGIK  - Make it Bounce.mp3
SERGIK - Drop Dat B.mp3,SERGIK MP3s,8.15,2024-01-29,/Volumes/SERGIK 2tb2/Exports SERGIK/SERGIK MP3s/SERGIK - Drop Dat B.mp3
SERGIK x ANDINO - Intrinsic Ones.mp3,SERGIK MP3s,16.41,2024-01-28,/Volumes/SERGIK 2tb2/Exports SERGIK/SERGIK MP3s/SERGIK x ANDINO - Intrinsic Ones.mp3
SERGIK - 6 Hours In v2.mp3,Release masters,8.72,2024-04-15,/Volumes/SERGIK 2tb2/Exports SERGIK/Release masters/SERGIK - 6 Hours In v2.mp3
SERGIK - Do It Right (Peggy Gou Remix).mp3,Sergic,11.44,2025-08-22,/Volumes/SERGIK 2tb2/Sergic/SERGIK - Do It Right (Peggy Gou Remix).mp3
SERGIK x Stov - Everyday.mp3,Sergic,7.81,2024-12-13,/Volumes/SERGIK 2tb2/Sergic/Sergic/SERGIK x Stov - Everyday.mp3
SERGIK x Janis & the Planets - Like a Daisy (Dry Vocals).mp3,Sergic,8.72,2025-01-05,/Volumes/SERGIK 2tb2/Sergic/Sergic/SERGIK x Janis & the Planets - Levitating Project/SERGIK x Janis & the Planets - Like a Daisy (Dry Vocals).mp3
SERGIK x Janis & the Planets - Like a Daisy (Wet Vocals).mp3,Sergic,8.67,2025-01-05,/Volumes/SERGIK 2tb2/Sergic/Sergic/SERGIK x Janis & the Planets - Levitating Project/SERGIK x Janis & the Planets - Like a Daisy (Wet Vocals).mp3
Slick Floyd x SERGIK x Silent Jay - Sonic Movement FINAL.mp3,Sergic,9.95,2025-04-26,/Volumes/SERGIK 2tb2/Sergic/Sergic/Slick Floyd x SERGIK x Silent Jay - The Dudes Project/Slick Floyd x SERGIK x Silent Jay - Sonic Movement FINAL.mp3
Hidden World of Fungi - Michael Crowe x SERGIK.mp3,Video Edits,5.92,2024-12-23,/Volumes/SERGIK 2tb2/Video Edits/Michael Crowe Mycology/Hidden World of Fungi/Hidden World of Fungi - Michael Crowe x SERGIK.mp3
Hidden World of Fungi (Instrumental)  - Michael Crowe x SERGIK.mp3,Video Edits,5.92,2024-12-23,/Volumes/SERGIK 2tb2/Video Edits/Michael Crowe Mycology/Hidden World of Fungi/Hidden World of Fungi (Instrumental)  - Michael Crowe x SERGIK.mp3
Mike Crowe x SERGIK - Lifecycle Of Growth.mp3,Video Edits,7.63,2024-12-22,/Volumes/SERGIK 2tb2/Video Edits/Michael Crowe Mycology/Lifecycle Of Growth /Mike Crowe x SERGIK - Lifecycle Of Growth.mp3
