name,collaborator,size_mb,modified,path
WTF,,0.0,2017-03-31,/Volumes/SERGIK/ABLETON PROJECTS/WTF.als
aint no tellin,,5.9,2017-02-02,/Volumes/SERGIK/ABLETON PROJECTS/aint no tellin Project/aint no tellin.als
airplanes,,0.04,2017-01-19,/Volumes/SERGIK/ABLETON PROJECTS/airplanes Project/airplanes.als
Another Day,,0.3,2017-02-10,/Volumes/SERGIK/ABLETON PROJECTS/Another Day Project/Another Day.als
archetypes,,0.11,2017-02-10,/Volumes/SERGIK/ABLETON PROJECTS/archetypes Project/archetypes.als
Arctic Flare,,0.34,2017-03-08,/Volumes/SERGIK/ABLETON PROJECTS/Arctic Flare Project/Arctic Flare.als
arise,,0.16,2017-01-03,/Volumes/SERGIK/ABLETON PROJECTS/arise Project/arise.als
Beach days,,0.79,2017-02-11,/Volumes/SERGIK/ABLETON PROJECTS/Beach days Project/Beach days.als
beat box,,0.34,2017-02-04,/Volumes/SERGIK/ABLETON PROJECTS/beat box Project/beat box.als
Before i lose it,,0.31,2017-03-07,/Volumes/SERGIK/ABLETON PROJECTS/Before i lose it Project/Before i lose it.als
Breathing,,0.54,2017-03-02,/Volumes/SERGIK/ABLETON PROJECTS/Breathing Project/Breathing.als
Centennial,,0.4,2017-01-11,/Volumes/SERGIK/ABLETON PROJECTS/Centennial Project/Centennial.als
chasing knowledge,,3.59,2017-01-23,/Volumes/SERGIK/ABLETON PROJECTS/chasing knowledge Project/chasing knowledge.als
Crickets,,0.65,2017-01-23,/Volumes/SERGIK/ABLETON PROJECTS/Crickets Project/Crickets.als
edrinachrone,,0.71,2017-02-12,/Volumes/SERGIK/ABLETON PROJECTS/edrinachrone Project/edrinachrone.als
Endless Journey,,0.3,2017-02-12,/Volumes/SERGIK/ABLETON PROJECTS/Endless Journey Project/Endless Journey.als
fat girl singing,,0.62,2017-01-04,/Volumes/SERGIK/ABLETON PROJECTS/fat girl singing Project/fat girl singing.als
Feeling at Home,,4.58,2017-01-11,/Volumes/SERGIK/ABLETON PROJECTS/Feeling at Home Project/Feeling at Home.als
First time,,0.26,2017-02-27,/Volumes/SERGIK/ABLETON PROJECTS/First time Project/First time.als
Fractal Clouds,,0.57,2017-03-03,/Volumes/SERGIK/ABLETON PROJECTS/Fractal Clouds Project/Fractal Clouds.als
Groovetown,,0.02,2017-01-21,/Volumes/SERGIK/ABLETON PROJECTS/Groovetown Project/Groovetown.als
Half Moon,,0.43,2017-01-09,/Volumes/SERGIK/ABLETON PROJECTS/Half Moon Project/Half Moon.als
Holding Crowns,,0.08,2017-01-22,/Volumes/SERGIK/ABLETON PROJECTS/Holding Crowns Project/Holding Crowns.als
ice resort,,0.11,2017-01-17,/Volumes/SERGIK/ABLETON PROJECTS/ice resort Project/ice resort.als
in the Groove,,0.24,2017-01-06,/Volumes/SERGIK/ABLETON PROJECTS/in the Groove Project/in the Groove.als
Its in the Air,,3.15,2017-04-05,/Volumes/SERGIK/ABLETON PROJECTS/Its in the Air Project/Its in the Air.als
jordan and adam,,0.08,2017-03-24,/Volumes/SERGIK/ABLETON PROJECTS/jordan and adam Project/jordan and adam.als
Kingsley,,0.02,2017-02-27,/Volumes/SERGIK/ABLETON PROJECTS/Kingsley Project/Kingsley.als
lIME N SALT,,0.35,2017-01-07,/Volumes/SERGIK/ABLETON PROJECTS/lIME N SALT Project/lIME N SALT.als
Living High,,2.11,2017-04-05,/Volumes/SERGIK/ABLETON PROJECTS/Living High Project/Living High.als
in the Groove,,0.23,2017-01-05,/Volumes/SERGIK/ABLETON PROJECTS/Lucid frequencies Project/in the Groove.als
Lucid frequencies,,0.22,2017-01-05,/Volumes/SERGIK/ABLETON PROJECTS/Lucid frequencies Project/Lucid frequencies.als
Make you lose control (BPM 127) (JcreateXGRAPHX),,1.37,2017-02-21,/Volumes/SERGIK/ABLETON PROJECTS/Make you lose control (BPM 127) (JcreateXGRAPHX) Project/Make you lose control (BPM 127) (JcreateXGRAPHX).als
Molly Moll,,0.31,2017-02-21,/Volumes/SERGIK/ABLETON PROJECTS/Molly Moll Project/Molly Moll.als
No Beer Here,,2.37,2017-01-03,/Volumes/SERGIK/ABLETON PROJECTS/No Beer Here Project/No Beer Here.als
no sounds,,0.06,2017-01-05,/Volumes/SERGIK/ABLETON PROJECTS/no sounds Project/no sounds.als
old friends,,0.05,2017-01-17,/Volumes/SERGIK/ABLETON PROJECTS/old friends Project/old friends.als
Pacifico,,0.06,2017-01-15,/Volumes/SERGIK/ABLETON PROJECTS/Pacifico Project/Pacifico.als
Random Dude,,0.43,2017-03-08,/Volumes/SERGIK/ABLETON PROJECTS/Random Dude Project/Random Dude.als
really dont,,0.23,2017-03-08,/Volumes/SERGIK/ABLETON PROJECTS/really dont Project/really dont.als
Reflexion,,0.23,2017-03-20,/Volumes/SERGIK/ABLETON PROJECTS/Reflexion Project/Reflexion.als
Reminice,,0.1,2017-02-10,/Volumes/SERGIK/ABLETON PROJECTS/Reminice Project/Reminice.als
Rushh,,3.64,2017-03-03,/Volumes/SERGIK/ABLETON PROJECTS/Rushh Project/Rushh.als
Save it,,2.66,2017-03-07,/Volumes/SERGIK/ABLETON PROJECTS/Save it Project/Save it.als
Sickened,,5.34,2017-03-03,/Volumes/SERGIK/ABLETON PROJECTS/Sickened Project/Sickened.als
Soundolosophy,,5.0,2017-01-01,/Volumes/SERGIK/ABLETON PROJECTS/Soundolosophy Project/Soundolosophy.als
Strangers,,0.05,2017-01-15,/Volumes/SERGIK/ABLETON PROJECTS/Strangers Project/Strangers.als
Summer Fiending,,0.24,2017-01-06,/Volumes/SERGIK/ABLETON PROJECTS/Summer Fiending Project/Summer Fiending.als
Swiss Bliss,,0.55,2017-02-16,/Volumes/SERGIK/ABLETON PROJECTS/Swiss Bliss Project/Swiss Bliss.als
tacos bees,,0.13,2017-03-27,/Volumes/SERGIK/ABLETON PROJECTS/tacos bees Project/tacos bees.als
that new,,0.08,2017-01-19,/Volumes/SERGIK/ABLETON PROJECTS/that new Project/that new.als
That season,,0.49,2017-01-29,/Volumes/SERGIK/ABLETON PROJECTS/That season Project/That season.als
Tronic,,0.21,2017-03-03,/Volumes/SERGIK/ABLETON PROJECTS/Tronic Project/Tronic.als
uncertain,,0.46,2017-01-17,/Volumes/SERGIK/ABLETON PROJECTS/uncertain Project/uncertain.als
Waavy,,0.39,2017-02-27,/Volumes/SERGIK/ABLETON PROJECTS/Waavy Project/Waavy.als
walking past,,0.06,2017-01-05,/Volumes/SERGIK/ABLETON PROJECTS/walking past Project/walking past.als
whatever,,1.14,2017-03-16,/Volumes/SERGIK/ABLETON PROJECTS/whatever Project/whatever.als
WTF,,3.89,2017-03-26,/Volumes/SERGIK/ABLETON PROJECTS/WTF Project/WTF.als
South of the equator (BPM 127),,1.19,2017-04-03,/Volumes/SERGIK/ABLETON PROJECTS/South of the equator (BPM 127) Project/South of the equator (BPM 127).als
Alive,,1.85,2017-04-07,/Volumes/SERGIK/ABLETON PROJECTS/Alive Project/Alive.als
Living High,,2.19,2017-08-23,/Volumes/SERGIK/ABLETON PROJECTS/Living High Project - Copy/Living High.als
In the west,,0.06,2017-04-07,/Volumes/SERGIK/ABLETON PROJECTS/In the west Project/In the west.als
Spectrum,,2.06,2017-04-08,/Volumes/SERGIK/ABLETON PROJECTS/Spectrum Project/Spectrum.als
Mijo,,1.12,2017-04-08,/Volumes/SERGIK/ABLETON PROJECTS/Spectrum Project/Mijo.als
Spectrum.1,,0.3,2017-04-09,/Volumes/SERGIK/ABLETON PROJECTS/Spectrum Project/Spectrum.1.als
Switch Up,,1.1,2017-04-09,/Volumes/SERGIK/ABLETON PROJECTS/Switch Up Project/Switch Up.als
Stratosphere,,0.64,2017-04-10,/Volumes/SERGIK/ABLETON PROJECTS/Stratosphere Project/Stratosphere.als
Anything,,0.11,2017-04-12,/Volumes/SERGIK/ABLETON PROJECTS/Stratosphere Project/Anything.als
Going Going gone,,3.51,2017-04-13,/Volumes/SERGIK/ABLETON PROJECTS/Stratosphere Project/Going Going gone.als
Smoking weed (jcreate:nsd),,0.38,2017-04-29,/Volumes/SERGIK/ABLETON PROJECTS/Smoking weed (jcreate:nsd) Project/Smoking weed (jcreate:nsd).als
Anything 2,,0.74,2017-04-14,/Volumes/SERGIK/ABLETON PROJECTS/Anything 2 Project/Anything 2.als
weeeoo,,0.82,2017-04-14,/Volumes/SERGIK/ABLETON PROJECTS/Anything 2 Project/weeeoo.als
weeeoo,,0.82,2017-04-14,/Volumes/SERGIK/ABLETON PROJECTS/weeeoo Project/weeeoo.als
Keppel,,0.49,2017-04-22,/Volumes/SERGIK/ABLETON PROJECTS/Keppel Project/Keppel.als
no kontrol,,0.12,2017-04-25,/Volumes/SERGIK/ABLETON PROJECTS/Keppel Project/no kontrol.als
no kontrol,,0.12,2017-04-25,/Volumes/SERGIK/ABLETON PROJECTS/no kontrol-1 Project/no kontrol.als
Fuck ableton,,0.24,2017-05-03,/Volumes/SERGIK/ABLETON PROJECTS/Fuck ableton Project/Fuck ableton.als
Untill the next day,,0.36,2017-04-30,/Volumes/SERGIK/ABLETON PROJECTS/Untill the next day Project/Untill the next day.als
Vato,,2.43,2017-05-03,/Volumes/SERGIK/ABLETON PROJECTS/Vato Project/Vato.als
Bane ,,0.87,2017-05-03,/Volumes/SERGIK/ABLETON PROJECTS/Bane  Project/Bane .als
Save it,,0.42,2017-05-07,/Volumes/SERGIK/ABLETON PROJECTS/Bane  Project/Save it.als
Molly,,0.22,2017-05-10,/Volumes/SERGIK/ABLETON PROJECTS/Molly Project/Molly.als
Flordah,,2.02,2017-05-10,/Volumes/SERGIK/ABLETON PROJECTS/Flordah Project/Flordah.als
dayone,,0.26,2017-05-11,/Volumes/SERGIK/ABLETON PROJECTS/dayone Project/dayone.als
waters,,2.91,2017-05-11,/Volumes/SERGIK/ABLETON PROJECTS/dayone Project/waters.als
Room service,,2.78,2017-05-12,/Volumes/SERGIK/ABLETON PROJECTS/dayone Project/Room service.als
sleepless,,0.26,2017-05-12,/Volumes/SERGIK/ABLETON PROJECTS/sleepless Project/sleepless.als
Time will Tell,,7.84,2017-05-12,/Volumes/SERGIK/ABLETON PROJECTS/Time will Tell Project/Time will Tell.als
Far away,,0.22,2017-05-16,/Volumes/SERGIK/ABLETON PROJECTS/Far away Project/Far away.als
Want it,,2.01,2017-05-19,/Volumes/SERGIK/ABLETON PROJECTS/Far away Project/Want it.als
These,,0.76,2017-05-18,/Volumes/SERGIK/ABLETON PROJECTS/Far away Project/These.als
Not there ,,0.36,2017-05-19,/Volumes/SERGIK/ABLETON PROJECTS/Not there  Project/Not there .als
No Chill,,0.19,2017-08-24,/Volumes/SERGIK/ABLETON PROJECTS/Not there  Project/No Chill.als
Swiss Bliss,,0.55,2017-05-24,/Volumes/SERGIK/ABLETON PROJECTS/Swiss Bliss-1 Project/Swiss Bliss.als
Want it,,2.02,2017-05-24,/Volumes/SERGIK/ABLETON PROJECTS/Want it Project/Want it.als
Room service,,2.78,2017-05-24,/Volumes/SERGIK/ABLETON PROJECTS/Room service Project/Room service.als
waters,,2.92,2017-05-24,/Volumes/SERGIK/ABLETON PROJECTS/waters Project/waters.als
Save it,,0.43,2017-08-23,/Volumes/SERGIK/ABLETON PROJECTS/Save it-1 Project/Save it.als
Where it go,,0.91,2017-05-30,/Volumes/SERGIK/ABLETON PROJECTS/Where it go Project/Where it go.als
Moon Child,,5.03,2017-06-02,/Volumes/SERGIK/ABLETON PROJECTS/Moon Child Project/Moon Child.als
Prism,,0.25,2017-06-03,/Volumes/SERGIK/ABLETON PROJECTS/Prism Project/Prism.als
House of BASS,,2.25,2017-07-07,/Volumes/SERGIK/ABLETON PROJECTS/House of BASS Project/House of BASS.als
sign,,16.23,2017-08-30,/Volumes/SERGIK/ABLETON PROJECTS/sign Project/sign.als
Sore Vertebrae,,9.75,2017-11-02,/Volumes/SERGIK/ABLETON PROJECTS/Sore Vertebrae Project/Sore Vertebrae.als
Stranger wings,,3.35,2017-11-02,/Volumes/SERGIK/ABLETON PROJECTS/Stranger wings Project/Stranger wings.als
Back up,,5.06,2017-11-22,/Volumes/SERGIK/ABLETON PROJECTS/Leaned out Project/Back up.als
Cymatics - Future Bass,,0.29,2017-03-02,/Volumes/SERGIK/Music Production/EDM FREQUENCIES/Cymatics/Cymatics Future Bass For XFER Serum/Cymatics - Future Bass for XFER Serum/Cymatics - Future Bass Ableton Project File/Cymatics - Future Bass Project/Cymatics - Future Bass.als
Cymatics - Future Bass,,0.29,2017-03-02,/Volumes/SERGIK/Music Production/EDM FREQUENCIES/Cymatics Future Bass For XFER Serum/Cymatics - Future Bass for XFER Serum/Cymatics - Future Bass Ableton Project File/Cymatics - Future Bass Project/Cymatics - Future Bass.als
Cymatics - Future Bass,,0.29,2017-03-02,/Volumes/SERGIK/Music Production/Drum and sound Kits/Cymatics/Cymatics Future Bass For XFER Serum/Cymatics - Future Bass for XFER Serum/Cymatics - Future Bass Ableton Project File/Cymatics - Future Bass Project/Cymatics - Future Bass.als
UNDRGRND Sounds - AHV - Drum Formats,,0.33,2017-08-09,/Volumes/SERGIK/Music Production/SERGIK KITZ/DRUMKITZ/HOUSE KITS/UNDRGRND The Bundle/UNDRGRND Sounds - Ambient House Visions - Wav/One Shots/Drum Hits/Drum Formats/Ableton Drum Rack/UNDRGRND Sounds - AHV - Drum Formats Project/UNDRGRND Sounds - AHV - Drum Formats.als
UNDRGRND Sounds - AHV - Drum Kits,,0.24,2017-08-10,/Volumes/SERGIK/Music Production/SERGIK KITZ/DRUMKITZ/HOUSE KITS/UNDRGRND The Bundle/UNDRGRND Sounds - Ambient House Visions - Wav/One Shots/Drum Hits/Drum Kits/Ableton Drum Rack/UNDRGRND Sounds - AHV - Drum Kits Project/UNDRGRND Sounds - AHV - Drum Kits.als
UNDRGRND Sounds - AHV - Melodic Formats,,0.02,2017-08-10,/Volumes/SERGIK/Music Production/SERGIK KITZ/DRUMKITZ/HOUSE KITS/UNDRGRND The Bundle/UNDRGRND Sounds - Ambient House Visions - Wav/One Shots/Melodic Shots/Melodic Formats/Ableton Drum Rack/UNDRGRND Sounds - AHV - Melodic Formats Project/UNDRGRND Sounds - AHV - Melodic Formats.als
Chord Rack,,0.03,2017-03-10,/Volumes/SERGIK/Music Production/SERGIK KITZ/DRUMKITZ/HOUSE KITS/UNDRGRND The Bundle/UNDRGRND Sounds - Analogue Transmission - Wav/Chord Shots/Chord Rack Project/Chord Rack.als
Analogue Transmission,,0.18,2017-03-09,/Volumes/SERGIK/Music Production/SERGIK KITZ/DRUMKITZ/HOUSE KITS/UNDRGRND The Bundle/UNDRGRND Sounds - Analogue Transmission - Wav/Drum Hits/Kits/Analogue Transmission Project/Analogue Transmission.als
UNDRGRND Sounds - CT - Drum Formats,,0.2,2017-11-02,/Volumes/SERGIK/Music Production/SERGIK KITZ/DRUMKITZ/HOUSE KITS/UNDRGRND The Bundle/UNDRGRND Sounds - Chilltronica - Wav/Drum Hits/Drum Formats/Ableton Drum Rack/UNDRGRND Sounds - CT - Drum Formats Project/UNDRGRND Sounds - CT - Drum Formats.als
UNDRGRND Sounds - CT - Drum Kits,,0.18,2017-11-02,/Volumes/SERGIK/Music Production/SERGIK KITZ/DRUMKITZ/HOUSE KITS/UNDRGRND The Bundle/UNDRGRND Sounds - Chilltronica - Wav/Drum Hits/Drum Kits/Ableton Drum Rack/UNDRGRND Sounds - CT - Drum Kits Project/UNDRGRND Sounds - CT - Drum Kits.als
UNDRGRND Sounds - Cloudtronica - Drum Kits,,0.29,2017-05-11,/Volumes/SERGIK/Music Production/SERGIK KITZ/DRUMKITZ/HOUSE KITS/UNDRGRND The Bundle/UNDRGRND Sounds - Cloudtronica - Wav/Hits/Drum Hits/Drum Kits/Ableton Drum Rack/UNDRGRND Sounds - Cloudtronica - Drum Kits Project/UNDRGRND Sounds - Cloudtronica - Drum Kits.als
UNDRGRND Sounds - Cloudtronica - Sampler Formats,,0.79,2017-05-11,/Volumes/SERGIK/Music Production/SERGIK KITZ/DRUMKITZ/HOUSE KITS/UNDRGRND The Bundle/UNDRGRND Sounds - Cloudtronica - Wav/Hits/Drum Hits/Sampler Formats/Ableton Drum Rack/UNDRGRND Sounds - Cloudtronica - Sampler Formats Project/UNDRGRND Sounds - Cloudtronica - Sampler Formats.als
UNDRGRND Sounds - Deep Analogue Tools - Drum Formats,,1.04,2017-07-30,/Volumes/SERGIK/Music Production/SERGIK KITZ/DRUMKITZ/HOUSE KITS/UNDRGRND The Bundle/UNDRGRND Sounds - Deep Analogue Tools - Wav/Drum Single Shots/Drum Formats/Ableton Drum Rack/UNDRGRND Sounds - Deep Analogue Tools - Drum Formats Project/UNDRGRND Sounds - Deep Analogue Tools - Drum Formats.als
UNDRGRND Sounds - Deep Analogue Tools - Drum Kits,,0.4,2017-07-30,/Volumes/SERGIK/Music Production/SERGIK KITZ/DRUMKITZ/HOUSE KITS/UNDRGRND The Bundle/UNDRGRND Sounds - Deep Analogue Tools - Wav/Drum Single Shots/Drum Kits/Ableton Drum Rack/UNDRGRND Sounds - Deep Analogue Tools - Drum Kits Project/UNDRGRND Sounds - Deep Analogue Tools - Drum Kits.als
UNDRGRND Sounds - Deep Analogue Tools - Drum Formats,,1.04,2017-07-30,/Volumes/SERGIK/Music Production/SERGIK KITZ/DRUMKITZ/HOUSE KITS/UNDRGRND The Bundle/UNDRGRND Sounds - Deep Analogue Tools - Wav-1/Drum Single Shots/Drum Formats/Ableton Drum Rack/UNDRGRND Sounds - Deep Analogue Tools - Drum Formats Project/UNDRGRND Sounds - Deep Analogue Tools - Drum Formats.als
UNDRGRND Sounds - Deep Analogue Tools - Drum Kits,,0.4,2017-07-30,/Volumes/SERGIK/Music Production/SERGIK KITZ/DRUMKITZ/HOUSE KITS/UNDRGRND The Bundle/UNDRGRND Sounds - Deep Analogue Tools - Wav-1/Drum Single Shots/Drum Kits/Ableton Drum Rack/UNDRGRND Sounds - Deep Analogue Tools - Drum Kits Project/UNDRGRND Sounds - Deep Analogue Tools - Drum Kits.als
UNDRGRND Sounds - Deep Techno Excursions - Sampler Formats,,0.14,2017-02-03,/Volumes/SERGIK/Music Production/SERGIK KITZ/DRUMKITZ/HOUSE KITS/UNDRGRND The Bundle/UNDRGRND Sounds - Deep Techno Excursions - Wav/Sampler Formats/Ableton Drum Racks/UNDRGRND Sounds - Deep Techno Excursions - Sampler Formats Project/UNDRGRND Sounds - Deep Techno Excursions - Sampler Formats.als
UNDRGRND Sounds - Deep Techno Excursions - Drum Kits,,0.14,2017-02-03,/Volumes/SERGIK/Music Production/SERGIK KITZ/DRUMKITZ/HOUSE KITS/UNDRGRND The Bundle/UNDRGRND Sounds - Deep Techno Excursions - Wav/Sampler Formats/Drum Kits/Ableton Drum Racks/UNDRGRND Sounds - Deep Techno Excursions - Drum Kits Project/UNDRGRND Sounds - Deep Techno Excursions - Drum Kits.als
UNDRGRND Sounds - Detroit Electro - Bass Formats,,0.02,2017-09-14,/Volumes/SERGIK/Music Production/SERGIK KITZ/DRUMKITZ/HOUSE KITS/UNDRGRND The Bundle/UNDRGRND Sounds - Detroit Electro - Wav/Bass Hits/Bass Formats/Ableton Sampler Rack/UNDRGRND Sounds - Detroit Electro - Bass Formats Project/UNDRGRND Sounds - Detroit Electro - Bass Formats.als
UNDRGRND Sounds - Detroit Electro - Drum Formats,,0.65,2017-09-14,/Volumes/SERGIK/Music Production/SERGIK KITZ/DRUMKITZ/HOUSE KITS/UNDRGRND The Bundle/UNDRGRND Sounds - Detroit Electro - Wav/Drum Hits/Drum Formats/Ableton Drum Rack/UNDRGRND Sounds - Detroit Electro - Drum Formats Project/UNDRGRND Sounds - Detroit Electro - Drum Formats.als
UNDRGRND Sounds - Detroit Electro - Drum Kits,,0.39,2017-09-14,/Volumes/SERGIK/Music Production/SERGIK KITZ/DRUMKITZ/HOUSE KITS/UNDRGRND The Bundle/UNDRGRND Sounds - Detroit Electro - Wav/Drum Hits/Drum Kits/Ableton Drum Rack/UNDRGRND Sounds - Detroit Electro - Drum Kits Project/UNDRGRND Sounds - Detroit Electro - Drum Kits.als
Dub Techno Chord Rack,,0.43,2017-04-21,/Volumes/SERGIK/Music Production/SERGIK KITZ/DRUMKITZ/HOUSE KITS/UNDRGRND The Bundle/UNDRGRND Sounds - Dub Techno Chords/Ableton Rack/Dub Techno Chord Rack.als
Dub Techno Chord Rack,,0.43,2017-04-21,/Volumes/SERGIK/Music Production/SERGIK KITZ/DRUMKITZ/HOUSE KITS/UNDRGRND The Bundle/UNDRGRND Sounds - Dub Techno Chords/Ableton Rack/Dub Techno Chord Rack Project/Dub Techno Chord Rack.als
UNDRGRND Sounds - Jacking Tech-House - Drum Formats,,0.43,2017-06-13,/Volumes/SERGIK/Music Production/SERGIK KITZ/DRUMKITZ/HOUSE KITS/UNDRGRND The Bundle/UNDRGRND Sounds - Jacking Tech-House - Wav/One Shots/Drums/Drum Formats/Ableton Drum Rack/UNDRGRND Sounds - Tech-House - Drum Formats Project/UNDRGRND Sounds - Jacking Tech-House - Drum Formats.als
UNDRGRND Sounds - Jacking Tech-House - Drum Kits,,0.18,2017-06-13,/Volumes/SERGIK/Music Production/SERGIK KITZ/DRUMKITZ/HOUSE KITS/UNDRGRND The Bundle/UNDRGRND Sounds - Jacking Tech-House - Wav/One Shots/Drums/Drum Kits/Ableton Drum Rack/UNDRGRND Sounds - Jackin Tech-House - Drum Kits Project/UNDRGRND Sounds - Jacking Tech-House - Drum Kits.als
UNDRGRND Sounds - Jacking Tech-House - Melodic Formats,,0.25,2017-06-13,/Volumes/SERGIK/Music Production/SERGIK KITZ/DRUMKITZ/HOUSE KITS/UNDRGRND The Bundle/UNDRGRND Sounds - Jacking Tech-House - Wav/One Shots/Melodic/Melodic Formats/Ableton Drum Rack/UNDRGRND Sounds - Jackin Tech-House - Melodic Formats Project/UNDRGRND Sounds - Jacking Tech-House - Melodic Formats.als
Liquid Electronica,,0.27,2017-02-10,/Volumes/SERGIK/Music Production/SERGIK KITZ/DRUMKITZ/HOUSE KITS/UNDRGRND The Bundle/UNDRGRND Sounds - Liquid Electronica - Wav/One Shots/Kits/Liquid Electronica Project/Liquid Electronica.als
UNDRGRND Sounds - LFAS - Drum Kits,,0.3,2017-05-24,/Volumes/SERGIK/Music Production/SERGIK KITZ/DRUMKITZ/HOUSE KITS/UNDRGRND The Bundle/UNDRGRND Sounds - Lo-Fi Analogue Sessions - Wav/Drum Hits/Drum Kits/Ableton Drum Rack/UNDRGRND Sounds - LFAS - Drum Kits Project/UNDRGRND Sounds - LFAS - Drum Kits.als
UNDRGRND Sounds - LFAS - Sampler Formats,,0.66,2017-05-24,/Volumes/SERGIK/Music Production/SERGIK KITZ/DRUMKITZ/HOUSE KITS/UNDRGRND The Bundle/UNDRGRND Sounds - Lo-Fi Analogue Sessions - Wav/Drum Hits/Sampler Formats/Ableton Drum Rack/UNDRGRND Sounds - LFAS - Sampler Formats Project/UNDRGRND Sounds - LFAS - Sampler Formats.als
UNDRGRND Sounds - LFAS - Drum Kits,,0.3,2017-05-24,/Volumes/SERGIK/Music Production/SERGIK KITZ/DRUMKITZ/HOUSE KITS/UNDRGRND The Bundle/UNDRGRND Sounds - Lo-Fi Analogue Sessions - Wav/Drum Hits copy/Drum Kits/Ableton Drum Rack/UNDRGRND Sounds - LFAS - Drum Kits Project/UNDRGRND Sounds - LFAS - Drum Kits.als
UNDRGRND Sounds - LFAS - Sampler Formats,,0.66,2017-05-24,/Volumes/SERGIK/Music Production/SERGIK KITZ/DRUMKITZ/HOUSE KITS/UNDRGRND The Bundle/UNDRGRND Sounds - Lo-Fi Analogue Sessions - Wav/Drum Hits copy/Sampler Formats/Ableton Drum Rack/UNDRGRND Sounds - LFAS - Sampler Formats Project/UNDRGRND Sounds - LFAS - Sampler Formats.als
UNDRGRND Sounds - MHDT - Drum Formats,,0.44,2017-10-12,/Volumes/SERGIK/Music Production/SERGIK KITZ/DRUMKITZ/HOUSE KITS/UNDRGRND The Bundle/UNDRGRND Sounds - Minimal House and Deep-Tech - Wav/One Shots/Drum Hits/Drum Formats/Ableton Drum Rack/UNDRGRND Sounds - MHDT - Drum Formats Project/UNDRGRND Sounds - MHDT - Drum Formats.als
UNDRGRND Sounds - MHTD - Drum Kits,,0.24,2017-10-12,/Volumes/SERGIK/Music Production/SERGIK KITZ/DRUMKITZ/HOUSE KITS/UNDRGRND The Bundle/UNDRGRND Sounds - Minimal House and Deep-Tech - Wav/One Shots/Drum Hits/Drum Kits/Ableton Drum Rack/UNDRGRND Sounds - MHTD - Drum Kits Project/UNDRGRND Sounds - MHTD - Drum Kits.als
UNDRGRND Sounds - MHDT - Melodic,,0.03,2017-10-12,/Volumes/SERGIK/Music Production/SERGIK KITZ/DRUMKITZ/HOUSE KITS/UNDRGRND The Bundle/UNDRGRND Sounds - Minimal House and Deep-Tech - Wav/One Shots/Melodic Hits/Melodic Formats/Ableton Sampler Rack/UNDRGRND Sounds - MHDT - Melodic Project/UNDRGRND Sounds - MHDT - Melodic.als
Noir Electronica,,0.27,2017-03-30,/Volumes/SERGIK/Music Production/SERGIK KITZ/DRUMKITZ/HOUSE KITS/UNDRGRND The Bundle/UNDRGRND Sounds - Noir Electronique - Wav/Hits/Kits/Ableton/Noir Electronica Project/Noir Electronica.als
UNDRGRND Sounds - PT - Drum Formats,,1.1,2017-11-09,/Volumes/SERGIK/Music Production/SERGIK KITZ/DRUMKITZ/HOUSE KITS/UNDRGRND The Bundle/UNDRGRND Sounds - Purist Techno - Wav/Drum Hits/Drum Formats/Ableton Drum Rack/UNDRGRND Sounds - PT - Drum Formats Project/UNDRGRND Sounds - PT - Drum Formats.als
UNDRGRND Sounds - PT - Drum Kits,,0.39,2017-11-09,/Volumes/SERGIK/Music Production/SERGIK KITZ/DRUMKITZ/HOUSE KITS/UNDRGRND The Bundle/UNDRGRND Sounds - Purist Techno - Wav/Drum Hits/Drum Kits/Ableton Drum Rack/UNDRGRND Sounds - PT - Drum Kits Project/UNDRGRND Sounds - PT - Drum Kits.als
UNDRGRND Sounds - Techno Machine - Drum Formats,,0.6,2017-06-08,/Volumes/SERGIK/Music Production/SERGIK KITZ/DRUMKITZ/HOUSE KITS/UNDRGRND The Bundle/UNDRGRND Sounds - Techno Machine - Wav/One Shots/Drums/Drum Formats/Ableton Drum Rack/UNDRGRND Sounds - Techno Machine - Drum Formats Project/UNDRGRND Sounds - Techno Machine - Drum Formats.als
UNDRGRND Sounds - Techno Machine - Drum Kits,,0.23,2017-06-08,/Volumes/SERGIK/Music Production/SERGIK KITZ/DRUMKITZ/HOUSE KITS/UNDRGRND The Bundle/UNDRGRND Sounds - Techno Machine - Wav/One Shots/Drums/Drum Kits/Ableton Drum Rack/UNDRGRND Sounds - Techno Machine - Drum Kits Project/UNDRGRND Sounds - Techno Machine - Drum Kits.als
UNDRGRND Sounds - Techno Machine - Synth Shots,,0.1,2017-06-08,/Volumes/SERGIK/Music Production/SERGIK KITZ/DRUMKITZ/HOUSE KITS/UNDRGRND The Bundle/UNDRGRND Sounds - Techno Machine - Wav/One Shots/Synth Shots/Synth Formats/Ableton Drum Rack/UNDRGRND Sounds - Techno Machine - Synth Shots Project/UNDRGRND Sounds - Techno Machine - Synth Shots.als
UNDRGRND Sounds - TSRH - Drum Formats,,0.35,2017-05-31,/Volumes/SERGIK/Music Production/SERGIK KITZ/DRUMKITZ/HOUSE KITS/UNDRGRND The Bundle/UNDRGRND Sounds - Trap Soul and RB Haze - Wav/One Shots/Drums/Drum Formats/Ableton Drum Rack/UNDRGRND Sounds - TSRH - Drum Formats Project/UNDRGRND Sounds - TSRH - Drum Formats.als
UNDRGRND Sounds - TSRH - Drum Kits,,0.21,2017-05-31,/Volumes/SERGIK/Music Production/SERGIK KITZ/DRUMKITZ/HOUSE KITS/UNDRGRND The Bundle/UNDRGRND Sounds - Trap Soul and RB Haze - Wav/One Shots/Drums/Drum Kits/Ableton Drum Rack/UNDRGRND Sounds - TSRH - Drum Kits Project/UNDRGRND Sounds - TSRH - Drum Kits.als
UNDRGRND Sounds - TSRH - Multisample Formats,,0.24,2017-05-31,/Volumes/SERGIK/Music Production/SERGIK KITZ/DRUMKITZ/HOUSE KITS/UNDRGRND The Bundle/UNDRGRND Sounds - Trap Soul and RB Haze - Wav/One Shots/Multisample/Bass/Multisample Formats/Ableton Drum Rack/UNDRGRND Sounds - TSRH - Multisample Formats Project/UNDRGRND Sounds - TSRH - Multisample Formats.als
UNDRGRND Sounds - TSRH - Multisample Formats,,0.42,2017-05-31,/Volumes/SERGIK/Music Production/SERGIK KITZ/DRUMKITZ/HOUSE KITS/UNDRGRND The Bundle/UNDRGRND Sounds - Trap Soul and RB Haze - Wav/One Shots/Multisample/Synth/Multisample Formats/Ableton Drum Rack/UNDRGRND Sounds - TSRH - Multisample Formats Project/UNDRGRND Sounds - TSRH - Multisample Formats.als
UNDRGRND Sounds - TSRH - Hit Formats,,0.18,2017-05-31,/Volumes/SERGIK/Music Production/SERGIK KITZ/DRUMKITZ/HOUSE KITS/UNDRGRND The Bundle/UNDRGRND Sounds - Trap Soul and RB Haze - Wav/One Shots/Hits/Hit Formats/Ableton Drum Rack/UNDRGRND Sounds - TSRH - Hit Formats Project/UNDRGRND Sounds - TSRH - Hit Formats.als
Cymatics - Future Bass,,0.29,2017-03-02,/Volumes/SERGIK/Music Production/SERGIK KITZ/DRUMKITZ/Cymatics/Cymatics Future Bass For XFER Serum/Cymatics - Future Bass for XFER Serum/Cymatics - Future Bass Ableton Project File/Cymatics - Future Bass Project/Cymatics - Future Bass.als
UNDRGRND Sounds - MHDT - Drum Formats,,0.44,2017-10-12,/Volumes/SERGIK/Drumkit DL unzipped/UNDRGRND The Bundle 2/UNDRGRND Sounds - Minimal House and Deep-Tech - Wav/One Shots/Drum Hits/Drum Formats/Ableton Drum Rack/UNDRGRND Sounds - MHDT - Drum Formats Project/UNDRGRND Sounds - MHDT - Drum Formats.als
UNDRGRND Sounds - MHTD - Drum Kits,,0.24,2017-10-12,/Volumes/SERGIK/Drumkit DL unzipped/UNDRGRND The Bundle 2/UNDRGRND Sounds - Minimal House and Deep-Tech - Wav/One Shots/Drum Hits/Drum Kits/Ableton Drum Rack/UNDRGRND Sounds - MHTD - Drum Kits Project/UNDRGRND Sounds - MHTD - Drum Kits.als
UNDRGRND Sounds - MHDT - Melodic,,0.03,2017-10-12,/Volumes/SERGIK/Drumkit DL unzipped/UNDRGRND The Bundle 2/UNDRGRND Sounds - Minimal House and Deep-Tech - Wav/One Shots/Melodic Hits/Melodic Formats/Ableton Sampler Rack/UNDRGRND Sounds - MHDT - Melodic Project/UNDRGRND Sounds - MHDT - Melodic.als
Liquid Electronica,,0.27,2017-02-10,/Volumes/SERGIK/Drumkit DL unzipped/UNDRGRND The Bundle 2/UNDRGRND Sounds - Liquid Electronica - Wav/One Shots/Kits/Liquid Electronica Project/Liquid Electronica.als
UNDRGRND Sounds - Detroit Electro - Bass Formats,,0.02,2017-09-14,/Volumes/SERGIK/Drumkit DL unzipped/UNDRGRND The Bundle 2/UNDRGRND Sounds - Detroit Electro - Wav/Bass Hits/Bass Formats/Ableton Sampler Rack/UNDRGRND Sounds - Detroit Electro - Bass Formats Project/UNDRGRND Sounds - Detroit Electro - Bass Formats.als
UNDRGRND Sounds - Detroit Electro - Drum Formats,,0.65,2017-09-14,/Volumes/SERGIK/Drumkit DL unzipped/UNDRGRND The Bundle 2/UNDRGRND Sounds - Detroit Electro - Wav/Drum Hits/Drum Formats/Ableton Drum Rack/UNDRGRND Sounds - Detroit Electro - Drum Formats Project/UNDRGRND Sounds - Detroit Electro - Drum Formats.als
UNDRGRND Sounds - Detroit Electro - Drum Kits,,0.39,2017-09-14,/Volumes/SERGIK/Drumkit DL unzipped/UNDRGRND The Bundle 2/UNDRGRND Sounds - Detroit Electro - Wav/Drum Hits/Drum Kits/Ableton Drum Rack/UNDRGRND Sounds - Detroit Electro - Drum Kits Project/UNDRGRND Sounds - Detroit Electro - Drum Kits.als
Dub Techno Chord Rack,,0.43,2017-04-21,/Volumes/SERGIK/Drumkit DL unzipped/UNDRGRND The Bundle 2/UNDRGRND Sounds - Dub Techno Chords/Ableton Rack/Dub Techno Chord Rack.als
Dub Techno Chord Rack,,0.43,2017-04-21,/Volumes/SERGIK/Drumkit DL unzipped/UNDRGRND The Bundle 2/UNDRGRND Sounds - Dub Techno Chords/Ableton Rack/Dub Techno Chord Rack Project/Dub Techno Chord Rack.als
UNDRGRND Sounds - Deep Techno Excursions - Sampler Formats,,0.14,2017-02-03,/Volumes/SERGIK/Drumkit DL unzipped/UNDRGRND The Bundle 2/UNDRGRND Sounds - Deep Techno Excursions - Wav/Sampler Formats/Ableton Drum Racks/UNDRGRND Sounds - Deep Techno Excursions - Sampler Formats Project/UNDRGRND Sounds - Deep Techno Excursions - Sampler Formats.als
UNDRGRND Sounds - Deep Techno Excursions - Drum Kits,,0.14,2017-02-03,/Volumes/SERGIK/Drumkit DL unzipped/UNDRGRND The Bundle 2/UNDRGRND Sounds - Deep Techno Excursions - Wav/Sampler Formats/Drum Kits/Ableton Drum Racks/UNDRGRND Sounds - Deep Techno Excursions - Drum Kits Project/UNDRGRND Sounds - Deep Techno Excursions - Drum Kits.als
UNDRGRND Sounds - TSRH - Drum Formats,,0.35,2017-05-31,/Volumes/SERGIK/Drumkit DL unzipped/UNDRGRND The Bundle 2/UNDRGRND Sounds - Trap Soul and RB Haze - Wav/One Shots/Drums/Drum Formats/Ableton Drum Rack/UNDRGRND Sounds - TSRH - Drum Formats Project/UNDRGRND Sounds - TSRH - Drum Formats.als
UNDRGRND Sounds - TSRH - Drum Kits,,0.21,2017-05-31,/Volumes/SERGIK/Drumkit DL unzipped/UNDRGRND The Bundle 2/UNDRGRND Sounds - Trap Soul and RB Haze - Wav/One Shots/Drums/Drum Kits/Ableton Drum Rack/UNDRGRND Sounds - TSRH - Drum Kits Project/UNDRGRND Sounds - TSRH - Drum Kits.als
UNDRGRND Sounds - TSRH - Multisample Formats,,0.24,2017-05-31,/Volumes/SERGIK/Drumkit DL unzipped/UNDRGRND The Bundle 2/UNDRGRND Sounds - Trap Soul and RB Haze - Wav/One Shots/Multisample/Bass/Multisample Formats/Ableton Drum Rack/UNDRGRND Sounds - TSRH - Multisample Formats Project/UNDRGRND Sounds - TSRH - Multisample Formats.als
UNDRGRND Sounds - TSRH - Multisample Formats,,0.42,2017-05-31,/Volumes/SERGIK/Drumkit DL unzipped/UNDRGRND The Bundle 2/UNDRGRND Sounds - Trap Soul and RB Haze - Wav/One Shots/Multisample/Synth/Multisample Formats/Ableton Drum Rack/UNDRGRND Sounds - TSRH - Multisample Formats Project/UNDRGRND Sounds - TSRH - Multisample Formats.als
UNDRGRND Sounds - TSRH - Hit Formats,,0.18,2017-05-31,/Volumes/SERGIK/Drumkit DL unzipped/UNDRGRND The Bundle 2/UNDRGRND Sounds - Trap Soul and RB Haze - Wav/One Shots/Hits/Hit Formats/Ableton Drum Rack/UNDRGRND Sounds - TSRH - Hit Formats Project/UNDRGRND Sounds - TSRH - Hit Formats.als
Noir Electronica,,0.27,2017-03-30,/Volumes/SERGIK/Drumkit DL unzipped/UNDRGRND The Bundle 2/UNDRGRND Sounds - Noir Electronique - Wav/Hits/Kits/Ableton/Noir Electronica Project/Noir Electronica.als
UNDRGRND Sounds - Deep Analogue Tools - Drum Formats,,1.04,2017-07-30,/Volumes/SERGIK/Drumkit DL unzipped/UNDRGRND The Bundle 2/UNDRGRND Sounds - Deep Analogue Tools - Wav/Drum Single Shots/Drum Formats/Ableton Drum Rack/UNDRGRND Sounds - Deep Analogue Tools - Drum Formats Project/UNDRGRND Sounds - Deep Analogue Tools - Drum Formats.als
UNDRGRND Sounds - Deep Analogue Tools - Drum Kits,,0.4,2017-07-30,/Volumes/SERGIK/Drumkit DL unzipped/UNDRGRND The Bundle 2/UNDRGRND Sounds - Deep Analogue Tools - Wav/Drum Single Shots/Drum Kits/Ableton Drum Rack/UNDRGRND Sounds - Deep Analogue Tools - Drum Kits Project/UNDRGRND Sounds - Deep Analogue Tools - Drum Kits.als
UNDRGRND Sounds - CT - Drum Formats,,0.2,2017-11-02,/Volumes/SERGIK/Drumkit DL unzipped/UNDRGRND The Bundle 2/UNDRGRND Sounds - Chilltronica - Wav/Drum Hits/Drum Formats/Ableton Drum Rack/UNDRGRND Sounds - CT - Drum Formats Project/UNDRGRND Sounds - CT - Drum Formats.als
UNDRGRND Sounds - CT - Drum Kits,,0.18,2017-11-02,/Volumes/SERGIK/Drumkit DL unzipped/UNDRGRND The Bundle 2/UNDRGRND Sounds - Chilltronica - Wav/Drum Hits/Drum Kits/Ableton Drum Rack/UNDRGRND Sounds - CT - Drum Kits Project/UNDRGRND Sounds - CT - Drum Kits.als
UNDRGRND Sounds - LFAS - Drum Kits,,0.3,2017-05-24,/Volumes/SERGIK/Drumkit DL unzipped/UNDRGRND The Bundle 2/UNDRGRND Sounds - Lo-Fi Analogue Sessions - Wav/Drum Hits/Drum Kits/Ableton Drum Rack/UNDRGRND Sounds - LFAS - Drum Kits Project/UNDRGRND Sounds - LFAS - Drum Kits.als
UNDRGRND Sounds - LFAS - Sampler Formats,,0.66,2017-05-24,/Volumes/SERGIK/Drumkit DL unzipped/UNDRGRND The Bundle 2/UNDRGRND Sounds - Lo-Fi Analogue Sessions - Wav/Drum Hits/Sampler Formats/Ableton Drum Rack/UNDRGRND Sounds - LFAS - Sampler Formats Project/UNDRGRND Sounds - LFAS - Sampler Formats.als
UNDRGRND Sounds - LFAS - Drum Kits,,0.3,2017-05-24,/Volumes/SERGIK/Drumkit DL unzipped/UNDRGRND The Bundle 2/UNDRGRND Sounds - Lo-Fi Analogue Sessions - Wav/Drum Hits copy/Drum Kits/Ableton Drum Rack/UNDRGRND Sounds - LFAS - Drum Kits Project/UNDRGRND Sounds - LFAS - Drum Kits.als
UNDRGRND Sounds - LFAS - Sampler Formats,,0.66,2017-05-24,/Volumes/SERGIK/Drumkit DL unzipped/UNDRGRND The Bundle 2/UNDRGRND Sounds - Lo-Fi Analogue Sessions - Wav/Drum Hits copy/Sampler Formats/Ableton Drum Rack/UNDRGRND Sounds - LFAS - Sampler Formats Project/UNDRGRND Sounds - LFAS - Sampler Formats.als
Chord Rack,,0.03,2017-03-10,/Volumes/SERGIK/Drumkit DL unzipped/UNDRGRND The Bundle 2/UNDRGRND Sounds - Analogue Transmission - Wav/Chord Shots/Chord Rack Project/Chord Rack.als
Analogue Transmission,,0.18,2017-03-09,/Volumes/SERGIK/Drumkit DL unzipped/UNDRGRND The Bundle 2/UNDRGRND Sounds - Analogue Transmission - Wav/Drum Hits/Kits/Analogue Transmission Project/Analogue Transmission.als
UNDRGRND Sounds - PT - Drum Formats,,1.1,2017-11-09,/Volumes/SERGIK/Drumkit DL unzipped/UNDRGRND The Bundle 2/UNDRGRND Sounds - Purist Techno - Wav/Drum Hits/Drum Formats/Ableton Drum Rack/UNDRGRND Sounds - PT - Drum Formats Project/UNDRGRND Sounds - PT - Drum Formats.als
UNDRGRND Sounds - PT - Drum Kits,,0.39,2017-11-09,/Volumes/SERGIK/Drumkit DL unzipped/UNDRGRND The Bundle 2/UNDRGRND Sounds - Purist Techno - Wav/Drum Hits/Drum Kits/Ableton Drum Rack/UNDRGRND Sounds - PT - Drum Kits Project/UNDRGRND Sounds - PT - Drum Kits.als
Arrival,,3.02,2017-10-27,/Volumes/SERGIK/VST Presets/Serum/Delicate.Beats.Invader/Delicate_Beats_Invader_(Ableton_Live_Session)/_Arrival/Arrival.als
South Paw,,4.98,2017-10-27,/Volumes/SERGIK/VST Presets/Serum/Delicate.Beats.Invader/Delicate_Beats_Invader_(Ableton_Live_Session)/_South_Paw/South Paw.als
Boombox Cartel Project,,3.79,2017-09-30,/Volumes/SERGIK/VST Presets/Serum/XLNTSOUND - Cartel-Goaudio.org/XLNTSOUND - Cartel/_xlntsound_-cartel ableton project file/xlnt-boombox cartel (sound like) project/Boombox Cartel Project.als
WTF,,0.0,2017-03-31,/Volumes/SERGIK 2tb2/ABLETON PROJECTS/WTF.als
aint no tellin,,5.9,2017-02-02,/Volumes/SERGIK 2tb2/ABLETON PROJECTS/aint no tellin Project/aint no tellin.als
airplanes,,0.04,2017-01-19,/Volumes/SERGIK 2tb2/ABLETON PROJECTS/airplanes Project/airplanes.als
Another Day,,0.3,2017-02-10,/Volumes/SERGIK 2tb2/ABLETON PROJECTS/Another Day Project/Another Day.als
archetypes,,0.11,2017-02-10,/Volumes/SERGIK 2tb2/ABLETON PROJECTS/archetypes Project/archetypes.als
Arctic Flare,,0.34,2017-03-08,/Volumes/SERGIK 2tb2/ABLETON PROJECTS/Arctic Flare Project/Arctic Flare.als
arise,,0.16,2017-01-03,/Volumes/SERGIK 2tb2/ABLETON PROJECTS/arise Project/arise.als
Beach days,,0.79,2017-02-11,/Volumes/SERGIK 2tb2/ABLETON PROJECTS/Beach days Project/Beach days.als
beat box,,0.34,2017-02-04,/Volumes/SERGIK 2tb2/ABLETON PROJECTS/beat box Project/beat box.als
Before i lose it,,0.31,2017-03-07,/Volumes/SERGIK 2tb2/ABLETON PROJECTS/Before i lose it Project/Before i lose it.als
Breathing,,0.54,2017-03-02,/Volumes/SERGIK 2tb2/ABLETON PROJECTS/Breathing Project/Breathing.als
Centennial,,0.4,2017-01-11,/Volumes/SERGIK 2tb2/ABLETON PROJECTS/Centennial Project/Centennial.als
chasing knowledge,,3.59,2017-01-23,/Volumes/SERGIK 2tb2/ABLETON PROJECTS/chasing knowledge Project/chasing knowledge.als
Crickets,,0.65,2017-01-23,/Volumes/SERGIK 2tb2/ABLETON PROJECTS/Crickets Project/Crickets.als
edrinachrone,,0.71,2017-02-12,/Volumes/SERGIK 2tb2/ABLETON PROJECTS/edrinachrone Project/edrinachrone.als
Endless Journey,,0.3,2017-02-12,/Volumes/SERGIK 2tb2/ABLETON PROJECTS/Endless Journey Project/Endless Journey.als
fat girl singing,,0.62,2017-01-04,/Volumes/SERGIK 2tb2/ABLETON PROJECTS/fat girl singing Project/fat girl singing.als
Feeling at Home,,4.58,2017-01-11,/Volumes/SERGIK 2tb2/ABLETON PROJECTS/Feeling at Home Project/Feeling at Home.als
First time,,0.26,2017-02-27,/Volumes/SERGIK 2tb2/ABLETON PROJECTS/First time Project/First time.als
Fractal Clouds,,0.57,2017-03-03,/Volumes/SERGIK 2tb2/ABLETON PROJECTS/Fractal Clouds Project/Fractal Clouds.als
Groovetown,,0.02,2017-01-21,/Volumes/SERGIK 2tb2/ABLETON PROJECTS/Groovetown Project/Groovetown.als
Half Moon,,0.43,2017-01-09,/Volumes/SERGIK 2tb2/ABLETON PROJECTS/Half Moon Project/Half Moon.als
Holding Crowns,,0.08,2017-01-22,/Volumes/SERGIK 2tb2/ABLETON PROJECTS/Holding Crowns Project/Holding Crowns.als
ice resort,,0.11,2017-01-17,/Volumes/SERGIK 2tb2/ABLETON PROJECTS/ice resort Project/ice resort.als
in the Groove,,0.24,2017-01-06,/Volumes/SERGIK 2tb2/ABLETON PROJECTS/in the Groove Project/in the Groove.als
Its in the Air,,3.15,2017-04-05,/Volumes/SERGIK 2tb2/ABLETON PROJECTS/Its in the Air Project/Its in the Air.als
jordan and adam,,0.08,2017-03-24,/Volumes/SERGIK 2tb2/ABLETON PROJECTS/jordan and adam Project/jordan and adam.als
Kingsley,,0.02,2017-02-27,/Volumes/SERGIK 2tb2/ABLETON PROJECTS/Kingsley Project/Kingsley.als
lIME N SALT,,0.35,2017-01-07,/Volumes/SERGIK 2tb2/ABLETON PROJECTS/lIME N SALT Project/lIME N SALT.als
Living High,,2.11,2017-04-05,/Volumes/SERGIK 2tb2/ABLETON PROJECTS/Living High Project/Living High.als
in the Groove,,0.23,2017-01-05,/Volumes/SERGIK 2tb2/ABLETON PROJECTS/Lucid frequencies Project/in the Groove.als
Lucid frequencies,,0.22,2017-01-05,/Volumes/SERGIK 2tb2/ABLETON PROJECTS/Lucid frequencies Project/Lucid frequencies.als
Make you lose control (BPM 127) (JcreateXGRAPHX),,1.37,2017-02-21,/Volumes/SERGIK 2tb2/ABLETON PROJECTS/Make you lose control (BPM 127) (JcreateXGRAPHX) Project/Make you lose control (BPM 127) (JcreateXGRAPHX).als
Molly Moll,,0.31,2017-02-21,/Volumes/SERGIK 2tb2/ABLETON PROJECTS/Molly Moll Project/Molly Moll.als
No Beer Here,,2.37,2017-01-03,/Volumes/SERGIK 2tb2/ABLETON PROJECTS/No Beer Here Project/No Beer Here.als
no sounds,,0.06,2017-01-05,/Volumes/SERGIK 2tb2/ABLETON PROJECTS/no sounds Project/no sounds.als
old friends,,0.05,2017-01-17,/Volumes/SERGIK 2tb2/ABLETON PROJECTS/old friends Project/old friends.als
Pacifico,,0.06,2017-01-15,/Volumes/SERGIK 2tb2/ABLETON PROJECTS/Pacifico Project/Pacifico.als
Random Dude,,0.43,2017-03-08,/Volumes/SERGIK 2tb2/ABLETON PROJECTS/Random Dude Project/Random Dude.als
really dont,,0.23,2017-03-08,/Volumes/SERGIK 2tb2/ABLETON PROJECTS/really dont Project/really dont.als
Reflexion,,0.23,2017-03-20,/Volumes/SERGIK 2tb2/ABLETON PROJECTS/Reflexion Project/Reflexion.als
Reminice,,0.1,2017-02-10,/Volumes/SERGIK 2tb2/ABLETON PROJECTS/Reminice Project/Reminice.als
Rushh,,3.64,2017-03-03,/Volumes/SERGIK 2tb2/ABLETON PROJECTS/Rushh Project/Rushh.als
Save it,,2.66,2017-03-07,/Volumes/SERGIK 2tb2/ABLETON PROJECTS/Save it Project/Save it.als
Sickened,,5.34,2017-03-03,/Volumes/SERGIK 2tb2/ABLETON PROJECTS/Sickened Project/Sickened.als
Soundolosophy,,5.0,2017-01-01,/Volumes/SERGIK 2tb2/ABLETON PROJECTS/Soundolosophy Project/Soundolosophy.als
Strangers,,0.05,2017-01-15,/Volumes/SERGIK 2tb2/ABLETON PROJECTS/Strangers Project/Strangers.als
Summer Fiending,,0.24,2017-01-06,/Volumes/SERGIK 2tb2/ABLETON PROJECTS/Summer Fiending Project/Summer Fiending.als
Swiss Bliss,,0.55,2017-02-16,/Volumes/SERGIK 2tb2/ABLETON PROJECTS/Swiss Bliss Project/Swiss Bliss.als
tacos bees,,0.13,2017-03-27,/Volumes/SERGIK 2tb2/ABLETON PROJECTS/tacos bees Project/tacos bees.als
that new,,0.08,2017-01-19,/Volumes/SERGIK 2tb2/ABLETON PROJECTS/that new Project/that new.als
That season,,0.49,2017-01-29,/Volumes/SERGIK 2tb2/ABLETON PROJECTS/That season Project/That season.als
Tronic,,0.21,2017-03-03,/Volumes/SERGIK 2tb2/ABLETON PROJECTS/Tronic Project/Tronic.als
uncertain,,0.46,2017-01-17,/Volumes/SERGIK 2tb2/ABLETON PROJECTS/uncertain Project/uncertain.als
Waavy,,0.39,2017-02-27,/Volumes/SERGIK 2tb2/ABLETON PROJECTS/Waavy Project/Waavy.als
walking past,,0.06,2017-01-05,/Volumes/SERGIK 2tb2/ABLETON PROJECTS/walking past Project/walking past.als
whatever,,1.14,2017-03-16,/Volumes/SERGIK 2tb2/ABLETON PROJECTS/whatever Project/whatever.als
WTF,,3.89,2017-03-26,/Volumes/SERGIK 2tb2/ABLETON PROJECTS/WTF Project/WTF.als
South of the equator (BPM 127),,1.19,2017-04-03,/Volumes/SERGIK 2tb2/ABLETON PROJECTS/South of the equator (BPM 127) Project/South of the equator (BPM 127).als
Alive,,1.85,2017-04-07,/Volumes/SERGIK 2tb2/ABLETON PROJECTS/Alive Project/Alive.als
Living High,,2.19,2017-08-23,/Volumes/SERGIK 2tb2/ABLETON PROJECTS/Living High Project - Copy/Living High.als
In the west,,0.06,2017-04-07,/Volumes/SERGIK 2tb2/ABLETON PROJECTS/In the west Project/In the west.als
Spectrum,,2.06,2017-04-08,/Volumes/SERGIK 2tb2/ABLETON PROJECTS/Spectrum Project/Spectrum.als
Mijo,,1.12,2017-04-08,/Volumes/SERGIK 2tb2/ABLETON PROJECTS/Spectrum Project/Mijo.als
Spectrum.1,,0.3,2017-04-09,/Volumes/SERGIK 2tb2/ABLETON PROJECTS/Spectrum Project/Spectrum.1.als
Switch Up,,1.1,2017-04-09,/Volumes/SERGIK 2tb2/ABLETON PROJECTS/Switch Up Project/Switch Up.als
Stratosphere,,0.64,2017-04-10,/Volumes/SERGIK 2tb2/ABLETON PROJECTS/Stratosphere Project/Stratosphere.als
Anything,,0.11,2017-04-12,/Volumes/SERGIK 2tb2/ABLETON PROJECTS/Stratosphere Project/Anything.als
Going Going gone,,3.51,2017-04-13,/Volumes/SERGIK 2tb2/ABLETON PROJECTS/Stratosphere Project/Going Going gone.als
Smoking weed (jcreate:nsd),,0.38,2017-04-29,/Volumes/SERGIK 2tb2/ABLETON PROJECTS/Smoking weed (jcreate:nsd) Project/Smoking weed (jcreate:nsd).als
Anything 2,,0.74,2017-04-14,/Volumes/SERGIK 2tb2/ABLETON PROJECTS/Anything 2 Project/Anything 2.als
weeeoo,,0.82,2017-04-14,/Volumes/SERGIK 2tb2/ABLETON PROJECTS/Anything 2 Project/weeeoo.als
weeeoo,,0.82,2017-04-14,/Volumes/SERGIK 2tb2/ABLETON PROJECTS/weeeoo Project/weeeoo.als
Keppel,,0.49,2017-04-22,/Volumes/SERGIK 2tb2/ABLETON PROJECTS/Keppel Project/Keppel.als
no kontrol,,0.12,2017-04-25,/Volumes/SERGIK 2tb2/ABLETON PROJECTS/Keppel Project/no kontrol.als
no kontrol,,0.12,2017-04-25,/Volumes/SERGIK 2tb2/ABLETON PROJECTS/no kontrol-1 Project/no kontrol.als
Fuck ableton,,0.24,2017-05-03,/Volumes/SERGIK 2tb2/ABLETON PROJECTS/Fuck ableton Project/Fuck ableton.als
Untill the next day,,0.36,2017-04-30,/Volumes/SERGIK 2tb2/ABLETON PROJECTS/Untill the next day Project/Untill the next day.als
Vato,,2.43,2017-05-03,/Volumes/SERGIK 2tb2/ABLETON PROJECTS/Vato Project/Vato.als
Bane ,,0.87,2017-05-03,/Volumes/SERGIK 2tb2/ABLETON PROJECTS/Bane  Project/Bane .als
Save it,,0.42,2017-05-07,/Volumes/SERGIK 2tb2/ABLETON PROJECTS/Bane  Project/Save it.als
Molly,,0.22,2017-05-10,/Volumes/SERGIK 2tb2/ABLETON PROJECTS/Molly Project/Molly.als
Flordah,,2.02,2017-05-10,/Volumes/SERGIK 2tb2/ABLETON PROJECTS/Flordah Project/Flordah.als
dayone,,0.26,2017-05-11,/Volumes/SERGIK 2tb2/ABLETON PROJECTS/dayone Project/dayone.als
waters,,2.91,2017-05-11,/Volumes/SERGIK 2tb2/ABLETON PROJECTS/dayone Project/waters.als
Room service,,2.78,2017-05-12,/Volumes/SERGIK 2tb2/ABLETON PROJECTS/dayone Project/Room service.als
sleepless,,0.26,2017-05-12,/Volumes/SERGIK 2tb2/ABLETON PROJECTS/sleepless Project/sleepless.als
Time will Tell,,7.84,2017-05-12,/Volumes/SERGIK 2tb2/ABLETON PROJECTS/Time will Tell Project/Time will Tell.als
Far away,,0.22,2017-05-16,/Volumes/SERGIK 2tb2/ABLETON PROJECTS/Far away Project/Far away.als
Want it,,2.01,2017-05-19,/Volumes/SERGIK 2tb2/ABLETON PROJECTS/Far away Project/Want it.als
These,,0.76,2017-05-18,/Volumes/SERGIK 2tb2/ABLETON PROJECTS/Far away Project/These.als
Not there ,,0.36,2017-05-19,/Volumes/SERGIK 2tb2/ABLETON PROJECTS/Not there  Project/Not there .als
No Chill,,0.19,2017-08-24,/Volumes/SERGIK 2tb2/ABLETON PROJECTS/Not there  Project/No Chill.als
Swiss Bliss,,0.55,2017-05-24,/Volumes/SERGIK 2tb2/ABLETON PROJECTS/Swiss Bliss-1 Project/Swiss Bliss.als
Want it,,2.02,2017-05-24,/Volumes/SERGIK 2tb2/ABLETON PROJECTS/Want it Project/Want it.als
Room service,,2.78,2017-05-24,/Volumes/SERGIK 2tb2/ABLETON PROJECTS/Room service Project/Room service.als
waters,,2.92,2017-05-24,/Volumes/SERGIK 2tb2/ABLETON PROJECTS/waters Project/waters.als
Save it,,0.43,2017-08-23,/Volumes/SERGIK 2tb2/ABLETON PROJECTS/Save it-1 Project/Save it.als
Where it go,,0.91,2017-05-30,/Volumes/SERGIK 2tb2/ABLETON PROJECTS/Where it go Project/Where it go.als
Moon Child,,5.03,2017-06-02,/Volumes/SERGIK 2tb2/ABLETON PROJECTS/Moon Child Project/Moon Child.als
Prism,,0.25,2017-06-03,/Volumes/SERGIK 2tb2/ABLETON PROJECTS/Prism Project/Prism.als
House of BASS,,2.25,2017-07-07,/Volumes/SERGIK 2tb2/ABLETON PROJECTS/House of BASS Project/House of BASS.als
sign,,16.23,2017-08-30,/Volumes/SERGIK 2tb2/ABLETON PROJECTS/sign Project/sign.als
Sore Vertebrae,,9.75,2017-11-02,/Volumes/SERGIK 2tb2/ABLETON PROJECTS/Sore Vertebrae Project/Sore Vertebrae.als
Stranger wings,,3.35,2017-11-02,/Volumes/SERGIK 2tb2/ABLETON PROJECTS/Stranger wings Project/Stranger wings.als
Back up,,5.06,2017-11-22,/Volumes/SERGIK 2tb2/ABLETON PROJECTS/Leaned out Project/Back up.als
Cymatics - Future Bass,,0.29,2017-03-02,/Volumes/SERGIK 2tb2/Music Production/EDM FREQUENCIES/Cymatics/Cymatics Future Bass For XFER Serum/Cymatics - Future Bass for XFER Serum/Cymatics - Future Bass Ableton Project File/Cymatics - Future Bass Project/Cymatics - Future Bass.als
Cymatics - Future Bass,,0.29,2017-03-02,/Volumes/SERGIK 2tb2/Music Production/EDM FREQUENCIES/Cymatics Future Bass For XFER Serum/Cymatics - Future Bass for XFER Serum/Cymatics - Future Bass Ableton Project File/Cymatics - Future Bass Project/Cymatics - Future Bass.als
Cymatics - Future Bass,,0.29,2017-03-02,/Volumes/SERGIK 2tb2/Music Production/Drum and sound Kits/Cymatics/Cymatics Future Bass For XFER Serum/Cymatics - Future Bass for XFER Serum/Cymatics - Future Bass Ableton Project File/Cymatics - Future Bass Project/Cymatics - Future Bass.als
UNDRGRND Sounds - AHV - Drum Formats,,0.33,2017-08-09,/Volumes/SERGIK 2tb2/Music Production/UNDRGRND The Bundle/UNDRGRND Sounds - Ambient House Visions - Wav/One Shots/Drum Hits/Drum Formats/Ableton Drum Rack/UNDRGRND Sounds - AHV - Drum Formats Project/UNDRGRND Sounds - AHV - Drum Formats.als
UNDRGRND Sounds - AHV - Drum Kits,,0.24,2017-08-10,/Volumes/SERGIK 2tb2/Music Production/UNDRGRND The Bundle/UNDRGRND Sounds - Ambient House Visions - Wav/One Shots/Drum Hits/Drum Kits/Ableton Drum Rack/UNDRGRND Sounds - AHV - Drum Kits Project/UNDRGRND Sounds - AHV - Drum Kits.als
UNDRGRND Sounds - AHV - Melodic Formats,,0.02,2017-08-10,/Volumes/SERGIK 2tb2/Music Production/UNDRGRND The Bundle/UNDRGRND Sounds - Ambient House Visions - Wav/One Shots/Melodic Shots/Melodic Formats/Ableton Drum Rack/UNDRGRND Sounds - AHV - Melodic Formats Project/UNDRGRND Sounds - AHV - Melodic Formats.als
Chord Rack,,0.03,2017-03-10,/Volumes/SERGIK 2tb2/Music Production/UNDRGRND The Bundle/UNDRGRND Sounds - Analogue Transmission - Wav/Chord Shots/Chord Rack Project/Chord Rack.als
Analogue Transmission,,0.18,2017-03-09,/Volumes/SERGIK 2tb2/Music Production/UNDRGRND The Bundle/UNDRGRND Sounds - Analogue Transmission - Wav/Drum Hits/Kits/Analogue Transmission Project/Analogue Transmission.als
UNDRGRND Sounds - CT - Drum Formats,,0.2,2017-11-02,/Volumes/SERGIK 2tb2/Music Production/UNDRGRND The Bundle/UNDRGRND Sounds - Chilltronica - Wav/Drum Hits/Drum Formats/Ableton Drum Rack/UNDRGRND Sounds - CT - Drum Formats Project/UNDRGRND Sounds - CT - Drum Formats.als
UNDRGRND Sounds - CT - Drum Kits,,0.18,2017-11-02,/Volumes/SERGIK 2tb2/Music Production/UNDRGRND The Bundle/UNDRGRND Sounds - Chilltronica - Wav/Drum Hits/Drum Kits/Ableton Drum Rack/UNDRGRND Sounds - CT - Drum Kits Project/UNDRGRND Sounds - CT - Drum Kits.als
UNDRGRND Sounds - Cloudtronica - Drum Kits,,0.29,2017-05-11,/Volumes/SERGIK 2tb2/Music Production/UNDRGRND The Bundle/UNDRGRND Sounds - Cloudtronica - Wav/Hits/Drum Hits/Drum Kits/Ableton Drum Rack/UNDRGRND Sounds - Cloudtronica - Drum Kits Project/UNDRGRND Sounds - Cloudtronica - Drum Kits.als
UNDRGRND Sounds - Cloudtronica - Sampler Formats,,0.79,2017-05-11,/Volumes/SERGIK 2tb2/Music Production/UNDRGRND The Bundle/UNDRGRND Sounds - Cloudtronica - Wav/Hits/Drum Hits/Sampler Formats/Ableton Drum Rack/UNDRGRND Sounds - Cloudtronica - Sampler Formats Project/UNDRGRND Sounds - Cloudtronica - Sampler Formats.als
UNDRGRND Sounds - Deep Analogue Tools - Drum Formats,,1.04,2017-07-30,/Volumes/SERGIK 2tb2/Music Production/UNDRGRND The Bundle/UNDRGRND Sounds - Deep Analogue Tools - Wav/Drum Single Shots/Drum Formats/Ableton Drum Rack/UNDRGRND Sounds - Deep Analogue Tools - Drum Formats Project/UNDRGRND Sounds - Deep Analogue Tools - Drum Formats.als
UNDRGRND Sounds - Deep Analogue Tools - Drum Kits,,0.4,2017-07-30,/Volumes/SERGIK 2tb2/Music Production/UNDRGRND The Bundle/UNDRGRND Sounds - Deep Analogue Tools - Wav/Drum Single Shots/Drum Kits/Ableton Drum Rack/UNDRGRND Sounds - Deep Analogue Tools - Drum Kits Project/UNDRGRND Sounds - Deep Analogue Tools - Drum Kits.als
UNDRGRND Sounds - Deep Analogue Tools - Drum Formats,,1.04,2017-07-30,/Volumes/SERGIK 2tb2/Music Production/UNDRGRND The Bundle/UNDRGRND Sounds - Deep Analogue Tools - Wav-1/Drum Single Shots/Drum Formats/Ableton Drum Rack/UNDRGRND Sounds - Deep Analogue Tools - Drum Formats Project/UNDRGRND Sounds - Deep Analogue Tools - Drum Formats.als
UNDRGRND Sounds - Deep Analogue Tools - Drum Kits,,0.4,2017-07-30,/Volumes/SERGIK 2tb2/Music Production/UNDRGRND The Bundle/UNDRGRND Sounds - Deep Analogue Tools - Wav-1/Drum Single Shots/Drum Kits/Ableton Drum Rack/UNDRGRND Sounds - Deep Analogue Tools - Drum Kits Project/UNDRGRND Sounds - Deep Analogue Tools - Drum Kits.als
UNDRGRND Sounds - Deep Techno Excursions - Sampler Formats,,0.14,2017-02-03,/Volumes/SERGIK 2tb2/Music Production/UNDRGRND The Bundle/UNDRGRND Sounds - Deep Techno Excursions - Wav/Sampler Formats/Ableton Drum Racks/UNDRGRND Sounds - Deep Techno Excursions - Sampler Formats Project/UNDRGRND Sounds - Deep Techno Excursions - Sampler Formats.als
UNDRGRND Sounds - Deep Techno Excursions - Drum Kits,,0.14,2017-02-03,/Volumes/SERGIK 2tb2/Music Production/UNDRGRND The Bundle/UNDRGRND Sounds - Deep Techno Excursions - Wav/Sampler Formats/Drum Kits/Ableton Drum Racks/UNDRGRND Sounds - Deep Techno Excursions - Drum Kits Project/UNDRGRND Sounds - Deep Techno Excursions - Drum Kits.als
UNDRGRND Sounds - Detroit Electro - Bass Formats,,0.02,2017-09-14,/Volumes/SERGIK 2tb2/Music Production/UNDRGRND The Bundle/UNDRGRND Sounds - Detroit Electro - Wav/Bass Hits/Bass Formats/Ableton Sampler Rack/UNDRGRND Sounds - Detroit Electro - Bass Formats Project/UNDRGRND Sounds - Detroit Electro - Bass Formats.als
UNDRGRND Sounds - Detroit Electro - Drum Formats,,0.65,2017-09-14,/Volumes/SERGIK 2tb2/Music Production/UNDRGRND The Bundle/UNDRGRND Sounds - Detroit Electro - Wav/Drum Hits/Drum Formats/Ableton Drum Rack/UNDRGRND Sounds - Detroit Electro - Drum Formats Project/UNDRGRND Sounds - Detroit Electro - Drum Formats.als
UNDRGRND Sounds - Detroit Electro - Drum Kits,,0.39,2017-09-14,/Volumes/SERGIK 2tb2/Music Production/UNDRGRND The Bundle/UNDRGRND Sounds - Detroit Electro - Wav/Drum Hits/Drum Kits/Ableton Drum Rack/UNDRGRND Sounds - Detroit Electro - Drum Kits Project/UNDRGRND Sounds - Detroit Electro - Drum Kits.als
Dub Techno Chord Rack,,0.43,2017-04-21,/Volumes/SERGIK 2tb2/Music Production/UNDRGRND The Bundle/UNDRGRND Sounds - Dub Techno Chords/Ableton Rack/Dub Techno Chord Rack.als
Dub Techno Chord Rack,,0.43,2017-04-21,/Volumes/SERGIK 2tb2/Music Production/UNDRGRND The Bundle/UNDRGRND Sounds - Dub Techno Chords/Ableton Rack/Dub Techno Chord Rack Project/Dub Techno Chord Rack.als
UNDRGRND Sounds - Jacking Tech-House - Drum Formats,,0.43,2017-06-13,/Volumes/SERGIK 2tb2/Music Production/UNDRGRND The Bundle/UNDRGRND Sounds - Jacking Tech-House - Wav/One Shots/Drums/Drum Formats/Ableton Drum Rack/UNDRGRND Sounds - Tech-House - Drum Formats Project/UNDRGRND Sounds - Jacking Tech-House - Drum Formats.als
UNDRGRND Sounds - Jacking Tech-House - Drum Kits,,0.18,2017-06-13,/Volumes/SERGIK 2tb2/Music Production/UNDRGRND The Bundle/UNDRGRND Sounds - Jacking Tech-House - Wav/One Shots/Drums/Drum Kits/Ableton Drum Rack/UNDRGRND Sounds - Jackin Tech-House - Drum Kits Project/UNDRGRND Sounds - Jacking Tech-House - Drum Kits.als
UNDRGRND Sounds - Jacking Tech-House - Melodic Formats,,0.25,2017-06-13,/Volumes/SERGIK 2tb2/Music Production/UNDRGRND The Bundle/UNDRGRND Sounds - Jacking Tech-House - Wav/One Shots/Melodic/Melodic Formats/Ableton Drum Rack/UNDRGRND Sounds - Jackin Tech-House - Melodic Formats Project/UNDRGRND Sounds - Jacking Tech-House - Melodic Formats.als
Liquid Electronica,,0.27,2017-02-10,/Volumes/SERGIK 2tb2/Music Production/UNDRGRND The Bundle/UNDRGRND Sounds - Liquid Electronica - Wav/One Shots/Kits/Liquid Electronica Project/Liquid Electronica.als
UNDRGRND Sounds - LFAS - Drum Kits,,0.3,2017-05-24,/Volumes/SERGIK 2tb2/Music Production/UNDRGRND The Bundle/UNDRGRND Sounds - Lo-Fi Analogue Sessions - Wav/Drum Hits/Drum Kits/Ableton Drum Rack/UNDRGRND Sounds - LFAS - Drum Kits Project/UNDRGRND Sounds - LFAS - Drum Kits.als
UNDRGRND Sounds - LFAS - Sampler Formats,,0.66,2017-05-24,/Volumes/SERGIK 2tb2/Music Production/UNDRGRND The Bundle/UNDRGRND Sounds - Lo-Fi Analogue Sessions - Wav/Drum Hits/Sampler Formats/Ableton Drum Rack/UNDRGRND Sounds - LFAS - Sampler Formats Project/UNDRGRND Sounds - LFAS - Sampler Formats.als
UNDRGRND Sounds - LFAS - Drum Kits,,0.3,2017-05-24,/Volumes/SERGIK 2tb2/Music Production/UNDRGRND The Bundle/UNDRGRND Sounds - Lo-Fi Analogue Sessions - Wav/Drum Hits copy/Drum Kits/Ableton Drum Rack/UNDRGRND Sounds - LFAS - Drum Kits Project/UNDRGRND Sounds - LFAS - Drum Kits.als
UNDRGRND Sounds - LFAS - Sampler Formats,,0.66,2017-05-24,/Volumes/SERGIK 2tb2/Music Production/UNDRGRND The Bundle/UNDRGRND Sounds - Lo-Fi Analogue Sessions - Wav/Drum Hits copy/Sampler Formats/Ableton Drum Rack/UNDRGRND Sounds - LFAS - Sampler Formats Project/UNDRGRND Sounds - LFAS - Sampler Formats.als
UNDRGRND Sounds - MHDT - Drum Formats,,0.44,2017-10-12,/Volumes/SERGIK 2tb2/Music Production/UNDRGRND The Bundle/UNDRGRND Sounds - Minimal House and Deep-Tech - Wav/One Shots/Drum Hits/Drum Formats/Ableton Drum Rack/UNDRGRND Sounds - MHDT - Drum Formats Project/UNDRGRND Sounds - MHDT - Drum Formats.als
UNDRGRND Sounds - MHTD - Drum Kits,,0.24,2017-10-12,/Volumes/SERGIK 2tb2/Music Production/UNDRGRND The Bundle/UNDRGRND Sounds - Minimal House and Deep-Tech - Wav/One Shots/Drum Hits/Drum Kits/Ableton Drum Rack/UNDRGRND Sounds - MHTD - Drum Kits Project/UNDRGRND Sounds - MHTD - Drum Kits.als
UNDRGRND Sounds - MHDT - Melodic,,0.03,2017-10-12,/Volumes/SERGIK 2tb2/Music Production/UNDRGRND The Bundle/UNDRGRND Sounds - Minimal House and Deep-Tech - Wav/One Shots/Melodic Hits/Melodic Formats/Ableton Sampler Rack/UNDRGRND Sounds - MHDT - Melodic Project/UNDRGRND Sounds - MHDT - Melodic.als
Noir Electronica,,0.27,2017-03-30,/Volumes/SERGIK 2tb2/Music Production/UNDRGRND The Bundle/UNDRGRND Sounds - Noir Electronique - Wav/Hits/Kits/Ableton/Noir Electronica Project/Noir Electronica.als
UNDRGRND Sounds - PT - Drum Formats,,1.1,2017-11-09,/Volumes/SERGIK 2tb2/Music Production/UNDRGRND The Bundle/UNDRGRND Sounds - Purist Techno - Wav/Drum Hits/Drum Formats/Ableton Drum Rack/UNDRGRND Sounds - PT - Drum Formats Project/UNDRGRND Sounds - PT - Drum Formats.als
UNDRGRND Sounds - PT - Drum Kits,,0.39,2017-11-09,/Volumes/SERGIK 2tb2/Music Production/UNDRGRND The Bundle/UNDRGRND Sounds - Purist Techno - Wav/Drum Hits/Drum Kits/Ableton Drum Rack/UNDRGRND Sounds - PT - Drum Kits Project/UNDRGRND Sounds - PT - Drum Kits.als
UNDRGRND Sounds - Techno Machine - Drum Formats,,0.6,2017-06-08,/Volumes/SERGIK 2tb2/Music Production/UNDRGRND The Bundle/UNDRGRND Sounds - Techno Machine - Wav/One Shots/Drums/Drum Formats/Ableton Drum Rack/UNDRGRND Sounds - Techno Machine - Drum Formats Project/UNDRGRND Sounds - Techno Machine - Drum Formats.als
UNDRGRND Sounds - Techno Machine - Drum Kits,,0.23,2017-06-08,/Volumes/SERGIK 2tb2/Music Production/UNDRGRND The Bundle/UNDRGRND Sounds - Techno Machine - Wav/One Shots/Drums/Drum Kits/Ableton Drum Rack/UNDRGRND Sounds - Techno Machine - Drum Kits Project/UNDRGRND Sounds - Techno Machine - Drum Kits.als
UNDRGRND Sounds - Techno Machine - Synth Shots,,0.1,2017-06-08,/Volumes/SERGIK 2tb2/Music Production/UNDRGRND The Bundle/UNDRGRND Sounds - Techno Machine - Wav/One Shots/Synth Shots/Synth Formats/Ableton Drum Rack/UNDRGRND Sounds - Techno Machine - Synth Shots Project/UNDRGRND Sounds - Techno Machine - Synth Shots.als
UNDRGRND Sounds - TSRH - Drum Formats,,0.35,2017-05-31,/Volumes/SERGIK 2tb2/Music Production/UNDRGRND The Bundle/UNDRGRND Sounds - Trap Soul and RB Haze - Wav/One Shots/Drums/Drum Formats/Ableton Drum Rack/UNDRGRND Sounds - TSRH - Drum Formats Project/UNDRGRND Sounds - TSRH - Drum Formats.als
UNDRGRND Sounds - TSRH - Drum Kits,,0.21,2017-05-31,/Volumes/SERGIK 2tb2/Music Production/UNDRGRND The Bundle/UNDRGRND Sounds - Trap Soul and RB Haze - Wav/One Shots/Drums/Drum Kits/Ableton Drum Rack/UNDRGRND Sounds - TSRH - Drum Kits Project/UNDRGRND Sounds - TSRH - Drum Kits.als
UNDRGRND Sounds - TSRH - Multisample Formats,,0.24,2017-05-31,/Volumes/SERGIK 2tb2/Music Production/UNDRGRND The Bundle/UNDRGRND Sounds - Trap Soul and RB Haze - Wav/One Shots/Multisample/Bass/Multisample Formats/Ableton Drum Rack/UNDRGRND Sounds - TSRH - Multisample Formats Project/UNDRGRND Sounds - TSRH - Multisample Formats.als
UNDRGRND Sounds - TSRH - Multisample Formats,,0.42,2017-05-31,/Volumes/SERGIK 2tb2/Music Production/UNDRGRND The Bundle/UNDRGRND Sounds - Trap Soul and RB Haze - Wav/One Shots/Multisample/Synth/Multisample Formats/Ableton Drum Rack/UNDRGRND Sounds - TSRH - Multisample Formats Project/UNDRGRND Sounds - TSRH - Multisample Formats.als
UNDRGRND Sounds - TSRH - Hit Formats,,0.18,2017-05-31,/Volumes/SERGIK 2tb2/Music Production/UNDRGRND The Bundle/UNDRGRND Sounds - Trap Soul and RB Haze - Wav/One Shots/Hits/Hit Formats/Ableton Drum Rack/UNDRGRND Sounds - TSRH - Hit Formats Project/UNDRGRND Sounds - TSRH - Hit Formats.als
UNDRGRND Sounds - AHV - Drum Formats,,0.33,2017-08-09,/Volumes/SERGIK 2tb2/Music Production/SERGIK KITZ/DRUMKITZ/HOUSE KITS/UNDRGRND The Bundle/UNDRGRND Sounds - Ambient House Visions - Wav/One Shots/Drum Hits/Drum Formats/Ableton Drum Rack/UNDRGRND Sounds - AHV - Drum Formats Project/UNDRGRND Sounds - AHV - Drum Formats.als
UNDRGRND Sounds - AHV - Drum Kits,,0.24,2017-08-10,/Volumes/SERGIK 2tb2/Music Production/SERGIK KITZ/DRUMKITZ/HOUSE KITS/UNDRGRND The Bundle/UNDRGRND Sounds - Ambient House Visions - Wav/One Shots/Drum Hits/Drum Kits/Ableton Drum Rack/UNDRGRND Sounds - AHV - Drum Kits Project/UNDRGRND Sounds - AHV - Drum Kits.als
UNDRGRND Sounds - AHV - Melodic Formats,,0.02,2017-08-10,/Volumes/SERGIK 2tb2/Music Production/SERGIK KITZ/DRUMKITZ/HOUSE KITS/UNDRGRND The Bundle/UNDRGRND Sounds - Ambient House Visions - Wav/One Shots/Melodic Shots/Melodic Formats/Ableton Drum Rack/UNDRGRND Sounds - AHV - Melodic Formats Project/UNDRGRND Sounds - AHV - Melodic Formats.als
Chord Rack,,0.03,2017-03-10,/Volumes/SERGIK 2tb2/Music Production/SERGIK KITZ/DRUMKITZ/HOUSE KITS/UNDRGRND The Bundle/UNDRGRND Sounds - Analogue Transmission - Wav/Chord Shots/Chord Rack Project/Chord Rack.als
Analogue Transmission,,0.18,2017-03-09,/Volumes/SERGIK 2tb2/Music Production/SERGIK KITZ/DRUMKITZ/HOUSE KITS/UNDRGRND The Bundle/UNDRGRND Sounds - Analogue Transmission - Wav/Drum Hits/Kits/Analogue Transmission Project/Analogue Transmission.als
UNDRGRND Sounds - CT - Drum Formats,,0.2,2017-11-02,/Volumes/SERGIK 2tb2/Music Production/SERGIK KITZ/DRUMKITZ/HOUSE KITS/UNDRGRND The Bundle/UNDRGRND Sounds - Chilltronica - Wav/Drum Hits/Drum Formats/Ableton Drum Rack/UNDRGRND Sounds - CT - Drum Formats Project/UNDRGRND Sounds - CT - Drum Formats.als
UNDRGRND Sounds - CT - Drum Kits,,0.18,2017-11-02,/Volumes/SERGIK 2tb2/Music Production/SERGIK KITZ/DRUMKITZ/HOUSE KITS/UNDRGRND The Bundle/UNDRGRND Sounds - Chilltronica - Wav/Drum Hits/Drum Kits/Ableton Drum Rack/UNDRGRND Sounds - CT - Drum Kits Project/UNDRGRND Sounds - CT - Drum Kits.als
UNDRGRND Sounds - Cloudtronica - Drum Kits,,0.29,2017-05-11,/Volumes/SERGIK 2tb2/Music Production/SERGIK KITZ/DRUMKITZ/HOUSE KITS/UNDRGRND The Bundle/UNDRGRND Sounds - Cloudtronica - Wav/Hits/Drum Hits/Drum Kits/Ableton Drum Rack/UNDRGRND Sounds - Cloudtronica - Drum Kits Project/UNDRGRND Sounds - Cloudtronica - Drum Kits.als
UNDRGRND Sounds - Cloudtronica - Sampler Formats,,0.79,2017-05-11,/Volumes/SERGIK 2tb2/Music Production/SERGIK KITZ/DRUMKITZ/HOUSE KITS/UNDRGRND The Bundle/UNDRGRND Sounds - Cloudtronica - Wav/Hits/Drum Hits/Sampler Formats/Ableton Drum Rack/UNDRGRND Sounds - Cloudtronica - Sampler Formats Project/UNDRGRND Sounds - Cloudtronica - Sampler Formats.als
UNDRGRND Sounds - Deep Analogue Tools - Drum Formats,,1.04,2017-07-30,/Volumes/SERGIK 2tb2/Music Production/SERGIK KITZ/DRUMKITZ/HOUSE KITS/UNDRGRND The Bundle/UNDRGRND Sounds - Deep Analogue Tools - Wav/Drum Single Shots/Drum Formats/Ableton Drum Rack/UNDRGRND Sounds - Deep Analogue Tools - Drum Formats Project/UNDRGRND Sounds - Deep Analogue Tools - Drum Formats.als
UNDRGRND Sounds - Deep Analogue Tools - Drum Kits,,0.4,2017-07-30,/Volumes/SERGIK 2tb2/Music Production/SERGIK KITZ/DRUMKITZ/HOUSE KITS/UNDRGRND The Bundle/UNDRGRND Sounds - Deep Analogue Tools - Wav/Drum Single Shots/Drum Kits/Ableton Drum Rack/UNDRGRND Sounds - Deep Analogue Tools - Drum Kits Project/UNDRGRND Sounds - Deep Analogue Tools - Drum Kits.als
UNDRGRND Sounds - Deep Analogue Tools - Drum Formats,,1.04,2017-07-30,/Volumes/SERGIK 2tb2/Music Production/SERGIK KITZ/DRUMKITZ/HOUSE KITS/UNDRGRND The Bundle/UNDRGRND Sounds - Deep Analogue Tools - Wav-1/Drum Single Shots/Drum Formats/Ableton Drum Rack/UNDRGRND Sounds - Deep Analogue Tools - Drum Formats Project/UNDRGRND Sounds - Deep Analogue Tools - Drum Formats.als
UNDRGRND Sounds - Deep Analogue Tools - Drum Kits,,0.4,2017-07-30,/Volumes/SERGIK 2tb2/Music Production/SERGIK KITZ/DRUMKITZ/HOUSE KITS/UNDRGRND The Bundle/UNDRGRND Sounds - Deep Analogue Tools - Wav-1/Drum Single Shots/Drum Kits/Ableton Drum Rack/UNDRGRND Sounds - Deep Analogue Tools - Drum Kits Project/UNDRGRND Sounds - Deep Analogue Tools - Drum Kits.als
UNDRGRND Sounds - Deep Techno Excursions - Sampler Formats,,0.14,2017-02-03,/Volumes/SERGIK 2tb2/Music Production/SERGIK KITZ/DRUMKITZ/HOUSE KITS/UNDRGRND The Bundle/UNDRGRND Sounds - Deep Techno Excursions - Wav/Sampler Formats/Ableton Drum Racks/UNDRGRND Sounds - Deep Techno Excursions - Sampler Formats Project/UNDRGRND Sounds - Deep Techno Excursions - Sampler Formats.als
UNDRGRND Sounds - Deep Techno Excursions - Drum Kits,,0.14,2017-02-03,/Volumes/SERGIK 2tb2/Music Production/SERGIK KITZ/DRUMKITZ/HOUSE KITS/UNDRGRND The Bundle/UNDRGRND Sounds - Deep Techno Excursions - Wav/Sampler Formats/Drum Kits/Ableton Drum Racks/UNDRGRND Sounds - Deep Techno Excursions - Drum Kits Project/UNDRGRND Sounds - Deep Techno Excursions - Drum Kits.als
UNDRGRND Sounds - Detroit Electro - Bass Formats,,0.02,2017-09-14,/Volumes/SERGIK 2tb2/Music Production/SERGIK KITZ/DRUMKITZ/HOUSE KITS/UNDRGRND The Bundle/UNDRGRND Sounds - Detroit Electro - Wav/Bass Hits/Bass Formats/Ableton Sampler Rack/UNDRGRND Sounds - Detroit Electro - Bass Formats Project/UNDRGRND Sounds - Detroit Electro - Bass Formats.als
UNDRGRND Sounds - Detroit Electro - Drum Formats,,0.65,2017-09-14,/Volumes/SERGIK 2tb2/Music Production/SERGIK KITZ/DRUMKITZ/HOUSE KITS/UNDRGRND The Bundle/UNDRGRND Sounds - Detroit Electro - Wav/Drum Hits/Drum Formats/Ableton Drum Rack/UNDRGRND Sounds - Detroit Electro - Drum Formats Project/UNDRGRND Sounds - Detroit Electro - Drum Formats.als
UNDRGRND Sounds - Detroit Electro - Drum Kits,,0.39,2017-09-14,/Volumes/SERGIK 2tb2/Music Production/SERGIK KITZ/DRUMKITZ/HOUSE KITS/UNDRGRND The Bundle/UNDRGRND Sounds - Detroit Electro - Wav/Drum Hits/Drum Kits/Ableton Drum Rack/UNDRGRND Sounds - Detroit Electro - Drum Kits Project/UNDRGRND Sounds - Detroit Electro - Drum Kits.als
Dub Techno Chord Rack,,0.43,2017-04-21,/Volumes/SERGIK 2tb2/Music Production/SERGIK KITZ/DRUMKITZ/HOUSE KITS/UNDRGRND The Bundle/UNDRGRND Sounds - Dub Techno Chords/Ableton Rack/Dub Techno Chord Rack.als
Dub Techno Chord Rack,,0.43,2017-04-21,/Volumes/SERGIK 2tb2/Music Production/SERGIK KITZ/DRUMKITZ/HOUSE KITS/UNDRGRND The Bundle/UNDRGRND Sounds - Dub Techno Chords/Ableton Rack/Dub Techno Chord Rack Project/Dub Techno Chord Rack.als
UNDRGRND Sounds - Jacking Tech-House - Drum Formats,,0.43,2017-06-13,/Volumes/SERGIK 2tb2/Music Production/SERGIK KITZ/DRUMKITZ/HOUSE KITS/UNDRGRND The Bundle/UNDRGRND Sounds - Jacking Tech-House - Wav/One Shots/Drums/Drum Formats/Ableton Drum Rack/UNDRGRND Sounds - Tech-House - Drum Formats Project/UNDRGRND Sounds - Jacking Tech-House - Drum Formats.als
UNDRGRND Sounds - Jacking Tech-House - Drum Kits,,0.18,2017-06-13,/Volumes/SERGIK 2tb2/Music Production/SERGIK KITZ/DRUMKITZ/HOUSE KITS/UNDRGRND The Bundle/UNDRGRND Sounds - Jacking Tech-House - Wav/One Shots/Drums/Drum Kits/Ableton Drum Rack/UNDRGRND Sounds - Jackin Tech-House - Drum Kits Project/UNDRGRND Sounds - Jacking Tech-House - Drum Kits.als
UNDRGRND Sounds - Jacking Tech-House - Melodic Formats,,0.25,2017-06-13,/Volumes/SERGIK 2tb2/Music Production/SERGIK KITZ/DRUMKITZ/HOUSE KITS/UNDRGRND The Bundle/UNDRGRND Sounds - Jacking Tech-House - Wav/One Shots/Melodic/Melodic Formats/Ableton Drum Rack/UNDRGRND Sounds - Jackin Tech-House - Melodic Formats Project/UNDRGRND Sounds - Jacking Tech-House - Melodic Formats.als
Liquid Electronica,,0.27,2017-02-10,/Volumes/SERGIK 2tb2/Music Production/SERGIK KITZ/DRUMKITZ/HOUSE KITS/UNDRGRND The Bundle/UNDRGRND Sounds - Liquid Electronica - Wav/One Shots/Kits/Liquid Electronica Project/Liquid Electronica.als
UNDRGRND Sounds - LFAS - Drum Kits,,0.3,2017-05-24,/Volumes/SERGIK 2tb2/Music Production/SERGIK KITZ/DRUMKITZ/HOUSE KITS/UNDRGRND The Bundle/UNDRGRND Sounds - Lo-Fi Analogue Sessions - Wav/Drum Hits/Drum Kits/Ableton Drum Rack/UNDRGRND Sounds - LFAS - Drum Kits Project/UNDRGRND Sounds - LFAS - Drum Kits.als
UNDRGRND Sounds - LFAS - Sampler Formats,,0.66,2017-05-24,/Volumes/SERGIK 2tb2/Music Production/SERGIK KITZ/DRUMKITZ/HOUSE KITS/UNDRGRND The Bundle/UNDRGRND Sounds - Lo-Fi Analogue Sessions - Wav/Drum Hits/Sampler Formats/Ableton Drum Rack/UNDRGRND Sounds - LFAS - Sampler Formats Project/UNDRGRND Sounds - LFAS - Sampler Formats.als
UNDRGRND Sounds - LFAS - Drum Kits,,0.3,2017-05-24,/Volumes/SERGIK 2tb2/Music Production/SERGIK KITZ/DRUMKITZ/HOUSE KITS/UNDRGRND The Bundle/UNDRGRND Sounds - Lo-Fi Analogue Sessions - Wav/Drum Hits copy/Drum Kits/Ableton Drum Rack/UNDRGRND Sounds - LFAS - Drum Kits Project/UNDRGRND Sounds - LFAS - Drum Kits.als
UNDRGRND Sounds - LFAS - Sampler Formats,,0.66,2017-05-24,/Volumes/SERGIK 2tb2/Music Production/SERGIK KITZ/DRUMKITZ/HOUSE KITS/UNDRGRND The Bundle/UNDRGRND Sounds - Lo-Fi Analogue Sessions - Wav/Drum Hits copy/Sampler Formats/Ableton Drum Rack/UNDRGRND Sounds - LFAS - Sampler Formats Project/UNDRGRND Sounds - LFAS - Sampler Formats.als
UNDRGRND Sounds - MHDT - Drum Formats,,0.44,2017-10-12,/Volumes/SERGIK 2tb2/Music Production/SERGIK KITZ/DRUMKITZ/HOUSE KITS/UNDRGRND The Bundle/UNDRGRND Sounds - Minimal House and Deep-Tech - Wav/One Shots/Drum Hits/Drum Formats/Ableton Drum Rack/UNDRGRND Sounds - MHDT - Drum Formats Project/UNDRGRND Sounds - MHDT - Drum Formats.als
UNDRGRND Sounds - MHTD - Drum Kits,,0.24,2017-10-12,/Volumes/SERGIK 2tb2/Music Production/SERGIK KITZ/DRUMKITZ/HOUSE KITS/UNDRGRND The Bundle/UNDRGRND Sounds - Minimal House and Deep-Tech - Wav/One Shots/Drum Hits/Drum Kits/Ableton Drum Rack/UNDRGRND Sounds - MHTD - Drum Kits Project/UNDRGRND Sounds - MHTD - Drum Kits.als
UNDRGRND Sounds - MHDT - Melodic,,0.03,2017-10-12,/Volumes/SERGIK 2tb2/Music Production/SERGIK KITZ/DRUMKITZ/HOUSE KITS/UNDRGRND The Bundle/UNDRGRND Sounds - Minimal House and Deep-Tech - Wav/One Shots/Melodic Hits/Melodic Formats/Ableton Sampler Rack/UNDRGRND Sounds - MHDT - Melodic Project/UNDRGRND Sounds - MHDT - Melodic.als
Noir Electronica,,0.27,2017-03-30,/Volumes/SERGIK 2tb2/Music Production/SERGIK KITZ/DRUMKITZ/HOUSE KITS/UNDRGRND The Bundle/UNDRGRND Sounds - Noir Electronique - Wav/Hits/Kits/Ableton/Noir Electronica Project/Noir Electronica.als
UNDRGRND Sounds - PT - Drum Formats,,1.1,2017-11-09,/Volumes/SERGIK 2tb2/Music Production/SERGIK KITZ/DRUMKITZ/HOUSE KITS/UNDRGRND The Bundle/UNDRGRND Sounds - Purist Techno - Wav/Drum Hits/Drum Formats/Ableton Drum Rack/UNDRGRND Sounds - PT - Drum Formats Project/UNDRGRND Sounds - PT - Drum Formats.als
UNDRGRND Sounds - PT - Drum Kits,,0.39,2017-11-09,/Volumes/SERGIK 2tb2/Music Production/SERGIK KITZ/DRUMKITZ/HOUSE KITS/UNDRGRND The Bundle/UNDRGRND Sounds - Purist Techno - Wav/Drum Hits/Drum Kits/Ableton Drum Rack/UNDRGRND Sounds - PT - Drum Kits Project/UNDRGRND Sounds - PT - Drum Kits.als
UNDRGRND Sounds - Techno Machine - Drum Formats,,0.6,2017-06-08,/Volumes/SERGIK 2tb2/Music Production/SERGIK KITZ/DRUMKITZ/HOUSE KITS/UNDRGRND The Bundle/UNDRGRND Sounds - Techno Machine - Wav/One Shots/Drums/Drum Formats/Ableton Drum Rack/UNDRGRND Sounds - Techno Machine - Drum Formats Project/UNDRGRND Sounds - Techno Machine - Drum Formats.als
UNDRGRND Sounds - Techno Machine - Drum Kits,,0.23,2017-06-08,/Volumes/SERGIK 2tb2/Music Production/SERGIK KITZ/DRUMKITZ/HOUSE KITS/UNDRGRND The Bundle/UNDRGRND Sounds - Techno Machine - Wav/One Shots/Drums/Drum Kits/Ableton Drum Rack/UNDRGRND Sounds - Techno Machine - Drum Kits Project/UNDRGRND Sounds - Techno Machine - Drum Kits.als
UNDRGRND Sounds - Techno Machine - Synth Shots,,0.1,2017-06-08,/Volumes/SERGIK 2tb2/Music Production/SERGIK KITZ/DRUMKITZ/HOUSE KITS/UNDRGRND The Bundle/UNDRGRND Sounds - Techno Machine - Wav/One Shots/Synth Shots/Synth Formats/Ableton Drum Rack/UNDRGRND Sounds - Techno Machine - Synth Shots Project/UNDRGRND Sounds - Techno Machine - Synth Shots.als
UNDRGRND Sounds - TSRH - Drum Formats,,0.35,2017-05-31,/Volumes/SERGIK 2tb2/Music Production/SERGIK KITZ/DRUMKITZ/HOUSE KITS/UNDRGRND The Bundle/UNDRGRND Sounds - Trap Soul and RB Haze - Wav/One Shots/Drums/Drum Formats/Ableton Drum Rack/UNDRGRND Sounds - TSRH - Drum Formats Project/UNDRGRND Sounds - TSRH - Drum Formats.als
UNDRGRND Sounds - TSRH - Drum Kits,,0.21,2017-05-31,/Volumes/SERGIK 2tb2/Music Production/SERGIK KITZ/DRUMKITZ/HOUSE KITS/UNDRGRND The Bundle/UNDRGRND Sounds - Trap Soul and RB Haze - Wav/One Shots/Drums/Drum Kits/Ableton Drum Rack/UNDRGRND Sounds - TSRH - Drum Kits Project/UNDRGRND Sounds - TSRH - Drum Kits.als
UNDRGRND Sounds - TSRH - Multisample Formats,,0.24,2017-05-31,/Volumes/SERGIK 2tb2/Music Production/SERGIK KITZ/DRUMKITZ/HOUSE KITS/UNDRGRND The Bundle/UNDRGRND Sounds - Trap Soul and RB Haze - Wav/One Shots/Multisample/Bass/Multisample Formats/Ableton Drum Rack/UNDRGRND Sounds - TSRH - Multisample Formats Project/UNDRGRND Sounds - TSRH - Multisample Formats.als
UNDRGRND Sounds - TSRH - Multisample Formats,,0.42,2017-05-31,/Volumes/SERGIK 2tb2/Music Production/SERGIK KITZ/DRUMKITZ/HOUSE KITS/UNDRGRND The Bundle/UNDRGRND Sounds - Trap Soul and RB Haze - Wav/One Shots/Multisample/Synth/Multisample Formats/Ableton Drum Rack/UNDRGRND Sounds - TSRH - Multisample Formats Project/UNDRGRND Sounds - TSRH - Multisample Formats.als
UNDRGRND Sounds - TSRH - Hit Formats,,0.18,2017-05-31,/Volumes/SERGIK 2tb2/Music Production/SERGIK KITZ/DRUMKITZ/HOUSE KITS/UNDRGRND The Bundle/UNDRGRND Sounds - Trap Soul and RB Haze - Wav/One Shots/Hits/Hit Formats/Ableton Drum Rack/UNDRGRND Sounds - TSRH - Hit Formats Project/UNDRGRND Sounds - TSRH - Hit Formats.als
Cymatics - Future Bass,,0.29,2017-03-02,/Volumes/SERGIK 2tb2/Music Production/SERGIK KITZ/DRUMKITZ/Cymatics/Cymatics Future Bass For XFER Serum/Cymatics - Future Bass for XFER Serum/Cymatics - Future Bass Ableton Project File/Cymatics - Future Bass Project/Cymatics - Future Bass.als
