rank,collaborator,exported_tracks
1,Solo,437
2,Silent Jay,27
3,ANDINO,16
4,Breauxx,16
5,Slick Floyd,16
6,Javi,8
7,L9V,8
8,Sean Hart,7
9,JIMII,6
10,Stan The Guitarman,6
11,ESHER,6
12,WWW,5
13,CHKLZ,5
14,LODIN,5
15,OG Coconut,5
16,Bob Secret,5
17,Ceemoar,4
18,Mateo Haze,4
19,DJ Epidemik,4
20,Bone,4
21,Francisco Josue,4
22,Hausofdevotion,4
23,Skeezy,4
24,Steve,4
25,Zonii,4
26,Frank Terry,4
27,Aloe Flipz,4
28,BeJanis,4
29,Residuo,3
30,Kuhl,3
31,Forgotten Modern,3
32,Zack Thrasher,3
33,C MAJOR,2
34,Batt Lo,2
35,Nessa,2
36,Sergik ft. 1200runway,2
37,1200runway x DJ Epidemik,2
38,Braydo,2
39,Cafe Caderas,2
40,GOJI,2
41,Dillon Nathaniel,2
42,DJ Dalle,2
43,1200Runway,2
44,Emperor Obscure,2
45,Grund,2
46,Karlido,2
47,Joc,2
48,Kody Black,2
49,Lugh Haurie,2
50,Konbot,2
51,Lavender,2
52,Ladell Ransom,2
53,Melfice,2
54,MEUGEN,2
55,NOBOUNDS,2
56,Nobounds,2
57,Optikz,2
58,Van,2
59,Skeezy- Brain Alter,2
60,OffMedz_,2
61,SRIJA,2
62,FM,2
63,Lev Ayathiens,2
64,Mike Ron,2
65,Curiousoul,2
66,SERIK,2
67,AUXLEE,2
68,Jetski,2
69,Sean Watson,2
70,Be.Janis,2
71,Segik La Selva,2
72,Stov,2
73,SPD,2
74,Hidden World of Fungi,2
75,Mike Crowe,2
76,Fly Aliens,1
77,NAM,1
78,Sewer,1
79,RubyRainbow,1
80,OLEA,1
81,Auxlee,1
82,Offmedz,1
83,?,1
84,Stoy,1
85,Connectjon,1
86,Guage,1
87,Fairydvst,1
88,Deep Chetty- So Good,1
89,Where it Hurts Vocals,1
90,Clyde (Studio Acapella) [2020-12-17 164617],1
91,Clyde (Studio Acapella) R,1
92,Freeze 16-Where it Hurts Vocals,1
93,Clyde (Studio Acapella) [2020-12-17 165451],1
94,Janis & The Planets,1
95,SP12 0001 [2025-11-19 173629],1
96,SP12 0001 [2025-11-21 135811],1
97,Hidden World of Fungi (Instrumental),1
