rank,collaborator,projects
1,Silent Jay,243
2,Slick Floyd,211
3,OG Coconut,136
4,Andino,127
5,Breauxxx,108
6,Jetski,84
7,LODIN,78
8,Sean Hart,78
9,CHKLZ,75
10,JIMII,74
11,NOOD,73
12,ANDINO,72
13,Sean Watson,61
14,Frank Terry,60
15,Aloe Flipz,60
16,Zak Martin,58
17,OLEA,57
18,Bob Secret,54
19,Optikz,53
20,ESHER,52
21,L9V,51
22,SLICK FLOYD,49
23,Auxlee,49
24,Zack Thrasher,49
25,BeJanis,48
26,Breauxx,46
27,Javi,45
28,WWW,45
29,Forgotten Modern,45
30,SRIJA,42
31,AUXLEE,42
32,Mateo Haze,41
33,Batt Lo,40
34,Skeezy,36
35,BATTLO,35
36,Isaiah,34
37,illusion,33
38,Francisco Josue,33
39,Braydo,33
40,CEEMOAR,33
41,Emperor Obscure,33
42,Konbot,33
43,OffMedz_,33
44,bafoonery,33
45,Srija,33
46,FM,33
47,Stan The Guitarman,33
48,Stov,33
49,Slick,31
50,Kody Black,30
