filename,category,format,size_mb,modified,path
ANDINO x SERGIK -  ELROW .wav,SERGIK WAVs,WAV,66.13,2023-03-22,/Volumes/SERGIK 2tb2/Exports SERGIK/SERGIK WAVs/ANDINO x SERGIK -  ELROW .wav
ANDINO x SERGIK -  ELROW 1.wav,SERGIK WAVs,WAV,66.13,2023-03-23,/Volumes/SERGIK 2tb2/Exports SERGIK/SERGIK WAVs/ANDINO x SERGIK -  ELROW 1.wav
baked turkey.wav,SERGIK WAVs,WAV,55.69,2019-02-01,/Volumes/SERGIK 2tb2/Exports SERGIK/SERGIK WAVs/baked turkey.wav
Barrio Bros - Bloops.wav,SERGIK WAVs,WAV,41.33,2023-03-24,/Volumes/SERGIK 2tb2/Exports SERGIK/SERGIK WAVs/Barrio Bros - Bloops.wav
C MAJOR W BATTLO.wav,SERGIK WAVs,WAV,42.44,2022-04-04,/Volumes/SERGIK 2tb2/Exports SERGIK/SERGIK WAVs/C MAJOR W BATTLO.wav
Ceemoar x Sergik - No Body.wav,SERGIK WAVs,WAV,36.76,2023-04-04,/Volumes/SERGIK 2tb2/Exports SERGIK/SERGIK WAVs/Ceemoar x Sergik - No Body.wav
Chasing the sun to Tokyo.wav,SERGIK WAVs,WAV,55.9,2019-03-12,/Volumes/SERGIK 2tb2/Exports SERGIK/SERGIK WAVs/Chasing the sun to Tokyo.wav
DINO x SERGIK - MEXICAN CHEETOS.wav,SERGIK WAVs,WAV,43.58,2023-03-22,/Volumes/SERGIK 2tb2/Exports SERGIK/SERGIK WAVs/DINO x SERGIK - MEXICAN CHEETOS.wav
DINO x SERGIK - MINIMAL .wav,SERGIK WAVs,WAV,41.64,2023-03-22,/Volumes/SERGIK 2tb2/Exports SERGIK/SERGIK WAVs/DINO x SERGIK - MINIMAL .wav
Fly Aliens - SERGIC x NAM x Mateo Haze.wav,SERGIK WAVs,WAV,47.06,2018-11-15,/Volumes/SERGIK 2tb2/Exports SERGIK/SERGIK WAVs/Fly Aliens - SERGIC x NAM x Mateo Haze.wav
Lucidic.wav,SERGIK WAVs,WAV,41.46,2018-10-26,/Volumes/SERGIK 2tb2/Exports SERGIK/SERGIK WAVs/Lucidic.wav
Lucy Lights.wav,SERGIK WAVs,WAV,58.6,2019-02-23,/Volumes/SERGIK 2tb2/Exports SERGIK/SERGIK WAVs/Lucy Lights.wav
Realm Transfer.wav,SERGIK WAVs,WAV,35.9,2021-07-26,/Volumes/SERGIK 2tb2/Exports SERGIK/SERGIK WAVs/Realm Transfer.wav
SERGIK - 6 Hours In.wav,SERGIK WAVs,WAV,58.62,2022-03-04,/Volumes/SERGIK 2tb2/Exports SERGIK/SERGIK WAVs/SERGIK - 6 Hours In.wav
Sergik - 90s Baby.wav,SERGIK WAVs,WAV,37.73,2021-11-03,/Volumes/SERGIK 2tb2/Exports SERGIK/SERGIK WAVs/Sergik - 90s Baby.wav
SERGIK - Abduction.wav,SERGIK WAVs,WAV,58.14,2022-02-07,/Volumes/SERGIK 2tb2/Exports SERGIK/SERGIK WAVs/SERGIK - Abduction.wav
SERGIK - Aha.wav,SERGIK WAVs,WAV,44.64,2023-03-30,/Volumes/SERGIK 2tb2/Exports SERGIK/SERGIK WAVs/SERGIK - Aha.wav
SERGIK - All My Ladies ft. Nessa.wav,SERGIK WAVs,WAV,55.76,2022-03-04,/Volumes/SERGIK 2tb2/Exports SERGIK/SERGIK WAVs/SERGIK - All My Ladies ft. Nessa.wav
SERGIK - All My Ladies.wav,SERGIK WAVs,WAV,55.76,2022-01-30,/Volumes/SERGIK 2tb2/Exports SERGIK/SERGIK WAVs/SERGIK - All My Ladies.wav
SERGIK - Astro Spore.wav,SERGIK WAVs,WAV,44.35,2021-12-04,/Volumes/SERGIK 2tb2/Exports SERGIK/SERGIK WAVs/SERGIK - Astro Spore.wav
SERGIK - Atlantis.wav,SERGIK WAVs,WAV,20.54,2021-09-21,/Volumes/SERGIK 2tb2/Exports SERGIK/SERGIK WAVs/SERGIK - Atlantis.wav
SERGIK - Back Around.wav,SERGIK WAVs,WAV,64.34,2022-05-21,/Volumes/SERGIK 2tb2/Exports SERGIK/SERGIK WAVs/SERGIK - Back Around.wav
SERGIK - Bad Decisions.wav,SERGIK WAVs,WAV,54.26,2022-03-04,/Volumes/SERGIK 2tb2/Exports SERGIK/SERGIK WAVs/SERGIK - Bad Decisions.wav
SERGIK - Bass Bunker.wav,SERGIK WAVs,WAV,55.97,2022-04-13,/Volumes/SERGIK 2tb2/Exports SERGIK/SERGIK WAVs/SERGIK - Bass Bunker.wav
SERGIK - Be FreeNDaMind.wav,SERGIK WAVs,WAV,36.88,2022-12-22,/Volumes/SERGIK 2tb2/Exports SERGIK/SERGIK WAVs/SERGIK - Be FreeNDaMind.wav
SERGIK - Bender.wav,SERGIK WAVs,WAV,61.52,2022-03-04,/Volumes/SERGIK 2tb2/Exports SERGIK/SERGIK WAVs/SERGIK - Bender.wav
SERGIK - Birth of a planet.wav,SERGIK WAVs,WAV,37.68,2021-09-27,/Volumes/SERGIK 2tb2/Exports SERGIK/SERGIK WAVs/SERGIK - Birth of a planet.wav
Sergik - Bloops n Kats.wav,SERGIK WAVs,WAV,51.68,2022-06-18,/Volumes/SERGIK 2tb2/Exports SERGIK/SERGIK WAVs/Sergik - Bloops n Kats.wav
SERGIK - Bombaclat.wav,SERGIK WAVs,WAV,25.69,2023-06-03,/Volumes/SERGIK 2tb2/Exports SERGIK/SERGIK WAVs/SERGIK - Bombaclat.wav
SERGIK - Boomers.wav,SERGIK WAVs,WAV,29.12,2021-12-02,/Volumes/SERGIK 2tb2/Exports SERGIK/SERGIK WAVs/SERGIK - Boomers.wav
SERGIK - Bouncy Bop.wav,SERGIK WAVs,WAV,36.47,2021-10-05,/Volumes/SERGIK 2tb2/Exports SERGIK/SERGIK WAVs/SERGIK - Bouncy Bop.wav
SERGIK - BS Aside.wav,SERGIK WAVs,WAV,60.6,2022-01-10,/Volumes/SERGIK 2tb2/Exports SERGIK/SERGIK WAVs/SERGIK - BS Aside.wav
SERGIK - Bye Spring (hip Hop).wav,SERGIK WAVs,WAV,44.61,2022-04-08,/Volumes/SERGIK 2tb2/Exports SERGIK/SERGIK WAVs/SERGIK - Bye Spring (hip Hop).wav
SERGIK - Came to get Lit.wav,SERGIK WAVs,WAV,61.53,2022-03-04,/Volumes/SERGIK 2tb2/Exports SERGIK/SERGIK WAVs/SERGIK - Came to get Lit.wav
SERGIK - Can't You See.wav,SERGIK WAVs,WAV,41.02,2022-12-20,/Volumes/SERGIK 2tb2/Exports SERGIK/SERGIK WAVs/SERGIK - Can't You See.wav
SERGIK - Cant Kill My Vibe.wav,SERGIK WAVs,WAV,41.34,2022-12-20,/Volumes/SERGIK 2tb2/Exports SERGIK/SERGIK WAVs/SERGIK - Cant Kill My Vibe.wav
SERGIK - Chasing the sun to Tokyo (Mastered).wav,SERGIK WAVs,WAV,27.94,2021-08-07,/Volumes/SERGIK 2tb2/Exports SERGIK/SERGIK WAVs/SERGIK - Chasing the sun to Tokyo (Mastered).wav
SERGIK - City Control.wav,SERGIK WAVs,WAV,62.23,2022-05-29,/Volumes/SERGIK 2tb2/Exports SERGIK/SERGIK WAVs/SERGIK - City Control.wav
SERGIK - Containment Breach.wav,SERGIK WAVs,WAV,64.92,2022-05-13,/Volumes/SERGIK 2tb2/Exports SERGIK/SERGIK WAVs/SERGIK - Containment Breach.wav
SERGIK - Cosmos.wav,SERGIK WAVs,WAV,58.64,2022-08-10,/Volumes/SERGIK 2tb2/Exports SERGIK/SERGIK WAVs/SERGIK - Cosmos.wav
SERGIK - Creature Hrs.wav,SERGIK WAVs,WAV,63.81,2022-06-19,/Volumes/SERGIK 2tb2/Exports SERGIK/SERGIK WAVs/SERGIK - Creature Hrs.wav
SERGIK - Creekside.wav,SERGIK WAVs,WAV,61.05,2022-08-22,/Volumes/SERGIK 2tb2/Exports SERGIK/SERGIK WAVs/SERGIK - Creekside.wav
SERGIK - Cruise Control.wav,SERGIK WAVs,WAV,55.9,2022-01-06,/Volumes/SERGIK 2tb2/Exports SERGIK/SERGIK WAVs/SERGIK - Cruise Control.wav
Sergik - Desert Dweller.wav,SERGIK WAVs,WAV,38.32,2021-12-14,/Volumes/SERGIK 2tb2/Exports SERGIK/SERGIK WAVs/Sergik - Desert Dweller.wav
SERGIK - Digitality.wav,SERGIK WAVs,WAV,32.83,2022-12-21,/Volumes/SERGIK 2tb2/Exports SERGIK/SERGIK WAVs/SERGIK - Digitality.wav
SERGIK - Disco 82.wav,SERGIK WAVs,WAV,60.02,2022-05-28,/Volumes/SERGIK 2tb2/Exports SERGIK/SERGIK WAVs/SERGIK - Disco 82.wav
SERGIK - Discodellic.wav,SERGIK WAVs,WAV,41.66,2023-02-07,/Volumes/SERGIK 2tb2/Exports SERGIK/SERGIK WAVs/SERGIK - Discodellic.wav
SERGIK - Divine Molecules.wav,SERGIK WAVs,WAV,40.05,2022-12-22,/Volumes/SERGIK 2tb2/Exports SERGIK/SERGIK WAVs/SERGIK - Divine Molecules.wav
SERGIK - Do My Thang.wav,SERGIK WAVs,WAV,59.6,2022-04-14,/Volumes/SERGIK 2tb2/Exports SERGIK/SERGIK WAVs/SERGIK - Do My Thang.wav
Sergik - Do You.wav,SERGIK WAVs,WAV,34.24,2021-09-09,/Volumes/SERGIK 2tb2/Exports SERGIK/SERGIK WAVs/Sergik - Do You.wav
Sergik - Doses.2.wav,SERGIK WAVs,WAV,43.93,2021-11-23,/Volumes/SERGIK 2tb2/Exports SERGIK/SERGIK WAVs/Sergik - Doses.2.wav
Sergik - Doses.wav,SERGIK WAVs,WAV,44.25,2021-11-14,/Volumes/SERGIK 2tb2/Exports SERGIK/SERGIK WAVs/Sergik - Doses.wav
SERGIK - Double D's.wav,SERGIK WAVs,WAV,41.96,2022-12-16,/Volumes/SERGIK 2tb2/Exports SERGIK/SERGIK WAVs/SERGIK - Double D's.wav
SERGIK - Drunk n UFO'n.wav,SERGIK WAVs,WAV,59.12,2022-05-13,/Volumes/SERGIK 2tb2/Exports SERGIK/SERGIK WAVs/SERGIK - Drunk n UFO'n.wav
SERGIK - Dumb.wav,SERGIK WAVs,WAV,36.18,2021-09-09,/Volumes/SERGIK 2tb2/Exports SERGIK/SERGIK WAVs/SERGIK - Dumb.wav
SERGIK - Early Morning.wav,SERGIK WAVs,WAV,59.57,2022-07-22,/Volumes/SERGIK 2tb2/Exports SERGIK/SERGIK WAVs/SERGIK - Early Morning.wav
SERGIK - Everlast.wav,SERGIK WAVs,WAV,71.41,2022-06-17,/Volumes/SERGIK 2tb2/Exports SERGIK/SERGIK WAVs/SERGIK - Everlast.wav
SERGIK - Fall Back.wav,SERGIK WAVs,WAV,58.14,2022-02-20,/Volumes/SERGIK 2tb2/Exports SERGIK/SERGIK WAVs/SERGIK - Fall Back.wav
SERGIK - Fall Leafs.wav,SERGIK WAVs,WAV,26.32,2021-09-22,/Volumes/SERGIK 2tb2/Exports SERGIK/SERGIK WAVs/SERGIK - Fall Leafs.wav
SERGIK - Feeling Lit .wav,SERGIK WAVs,WAV,50.87,2022-09-02,/Volumes/SERGIK 2tb2/Exports SERGIK/SERGIK WAVs/SERGIK - Feeling Lit .wav
SERGIK - Feeling Lit.wav,SERGIK WAVs,WAV,50.39,2022-03-04,/Volumes/SERGIK 2tb2/Exports SERGIK/SERGIK WAVs/SERGIK - Feeling Lit.wav
SERGIK - Floatin.wav,SERGIK WAVs,WAV,45.34,2023-05-09,/Volumes/SERGIK 2tb2/Exports SERGIK/SERGIK WAVs/SERGIK - Floatin.wav
SERGIK - Freaks n Beats.wav,SERGIK WAVs,WAV,58.14,2022-03-15,/Volumes/SERGIK 2tb2/Exports SERGIK/SERGIK WAVs/SERGIK - Freaks n Beats.wav
Sergik - Freaky Up In Here.wav,SERGIK WAVs,WAV,37.96,2021-08-27,/Volumes/SERGIK 2tb2/Exports SERGIK/SERGIK WAVs/Sergik - Freaky Up In Here.wav
SERGIK - Frequency.wav,SERGIK WAVs,WAV,78.79,2022-05-16,/Volumes/SERGIK 2tb2/Exports SERGIK/SERGIK WAVs/SERGIK - Frequency.wav
SERGIK - Fxck it.wav,SERGIK WAVs,WAV,41.99,2023-03-30,/Volumes/SERGIK 2tb2/Exports SERGIK/SERGIK WAVs/SERGIK - Fxck it.wav
SERGIK - Get it Poppn.wav,SERGIK WAVs,WAV,36.53,2023-02-23,/Volumes/SERGIK 2tb2/Exports SERGIK/SERGIK WAVs/SERGIK - Get it Poppn.wav
SERGIK - GET ON MY VIBE.2.wav,SERGIK WAVs,WAV,39.68,2021-12-27,/Volumes/SERGIK 2tb2/Exports SERGIK/SERGIK WAVs/SERGIK - GET ON MY VIBE.2.wav
SERGIK - GET ON MY VIBE.wav,SERGIK WAVs,WAV,39.68,2021-09-09,/Volumes/SERGIK 2tb2/Exports SERGIK/SERGIK WAVs/SERGIK - GET ON MY VIBE.wav
SERGIK - Get Up.wav,SERGIK WAVs,WAV,59.54,2021-12-30,/Volumes/SERGIK 2tb2/Exports SERGIK/SERGIK WAVs/SERGIK - Get Up.wav
SERGIK - Give It Up.wav,SERGIK WAVs,WAV,59.11,2023-06-05,/Volumes/SERGIK 2tb2/Exports SERGIK/SERGIK WAVs/SERGIK - Give It Up.wav
SERGIK - Going Fast.wav,SERGIK WAVs,WAV,66.86,2023-07-25,/Volumes/SERGIK 2tb2/Exports SERGIK/SERGIK WAVs/SERGIK - Going Fast.wav
SERGIK - Going Fast2.wav,SERGIK WAVs,WAV,66.86,2023-07-25,/Volumes/SERGIK 2tb2/Exports SERGIK/SERGIK WAVs/SERGIK - Going Fast2.wav
SERGIK - Going Fast3.wav,SERGIK WAVs,WAV,66.86,2023-07-26,/Volumes/SERGIK 2tb2/Exports SERGIK/SERGIK WAVs/SERGIK - Going Fast3.wav
SERGIK - Gone Floating.wav,SERGIK WAVs,WAV,52.49,2022-12-20,/Volumes/SERGIK 2tb2/Exports SERGIK/SERGIK WAVs/SERGIK - Gone Floating.wav
SERGIK - Groove Junkie.wav,SERGIK WAVs,WAV,41.02,2023-03-22,/Volumes/SERGIK 2tb2/Exports SERGIK/SERGIK WAVs/SERGIK - Groove Junkie.wav
Sergik - Hard to Love.wav,SERGIK WAVs,WAV,32.3,2021-12-12,/Volumes/SERGIK 2tb2/Exports SERGIK/SERGIK WAVs/Sergik - Hard to Love.wav
SERGIK - Have To Dance.wav,SERGIK WAVs,WAV,63.95,2022-07-14,/Volumes/SERGIK 2tb2/Exports SERGIK/SERGIK WAVs/SERGIK - Have To Dance.wav
SERGIK - Head Up.wav,SERGIK WAVs,WAV,42.19,2022-01-02,/Volumes/SERGIK 2tb2/Exports SERGIK/SERGIK WAVs/SERGIK - Head Up.wav
SERGIK - Hello Hello.wav,SERGIK WAVs,WAV,54.7,2022-01-15,/Volumes/SERGIK 2tb2/Exports SERGIK/SERGIK WAVs/SERGIK - Hello Hello.wav
SERGIK - Hold Me Down.wav,SERGIK WAVs,WAV,73.7,2022-05-06,/Volumes/SERGIK 2tb2/Exports SERGIK/SERGIK WAVs/SERGIK - Hold Me Down.wav
SERGIK - How Ya.wav,SERGIK WAVs,WAV,54.79,2023-06-17,/Volumes/SERGIK 2tb2/Exports SERGIK/SERGIK WAVs/SERGIK - How Ya.wav
SERGIK - HUSTLE.wav,SERGIK WAVs,WAV,38.76,2021-10-08,/Volumes/SERGIK 2tb2/Exports SERGIK/SERGIK WAVs/SERGIK - HUSTLE.wav
Sergik - I Could.wav,SERGIK WAVs,WAV,23.96,2021-11-26,/Volumes/SERGIK 2tb2/Exports SERGIK/SERGIK WAVs/Sergik - I Could.wav
SERGIK - I Got.wav,SERGIK WAVs,WAV,55.19,2022-02-02,/Volumes/SERGIK 2tb2/Exports SERGIK/SERGIK WAVs/SERGIK - I Got.wav
SERGIK - I Like the way.wav,SERGIK WAVs,WAV,34.42,2021-09-09,/Volumes/SERGIK 2tb2/Exports SERGIK/SERGIK WAVs/SERGIK - I Like the way.wav
Sergik - Its On till Dawn .wav,SERGIK WAVs,WAV,70.78,2022-03-04,/Volumes/SERGIK 2tb2/Exports SERGIK/SERGIK WAVs/Sergik - Its On till Dawn .wav
SERGIK - Juiced Up.wav,SERGIK WAVs,WAV,63.45,2022-11-19,/Volumes/SERGIK 2tb2/Exports SERGIK/SERGIK WAVs/SERGIK - Juiced Up.wav
Sergik - Kittymean.wav,SERGIK WAVs,WAV,39.07,2021-11-04,/Volumes/SERGIK 2tb2/Exports SERGIK/SERGIK WAVs/Sergik - Kittymean.wav
SERGIK - Kouch Potato.wav,SERGIK WAVs,WAV,7.81,2022-03-03,/Volumes/SERGIK 2tb2/Exports SERGIK/SERGIK WAVs/SERGIK - Kouch Potato.wav
SERGIK - Last Night?.wav,SERGIK WAVs,WAV,54.79,2022-04-08,/Volumes/SERGIK 2tb2/Exports SERGIK/SERGIK WAVs/SERGIK - Last Night?.wav
SERGIK - Let the music.wav,SERGIK WAVs,WAV,8.07,2021-09-23,/Volumes/SERGIK 2tb2/Exports SERGIK/SERGIK WAVs/SERGIK - Let the music.wav
SERGIK - Leveled.wav,SERGIK WAVs,WAV,34.71,2021-09-21,/Volumes/SERGIK 2tb2/Exports SERGIK/SERGIK WAVs/SERGIK - Leveled.wav
SERGIK - Like That.wav,SERGIK WAVs,WAV,55.19,2023-07-26,/Volumes/SERGIK 2tb2/Exports SERGIK/SERGIK WAVs/SERGIK - Like That.wav
SERGIK - Lose Yourself.wav,SERGIK WAVs,WAV,51.36,2022-03-19,/Volumes/SERGIK 2tb2/Exports SERGIK/SERGIK WAVs/SERGIK - Lose Yourself.wav
SERGIK - Losing Control.wav,SERGIK WAVs,WAV,37.81,2022-12-20,/Volumes/SERGIK 2tb2/Exports SERGIK/SERGIK WAVs/SERGIK - Losing Control.wav
SERGIK - Lunar Gravity.wav,SERGIK WAVs,WAV,69.67,2022-05-27,/Volumes/SERGIK 2tb2/Exports SERGIK/SERGIK WAVs/SERGIK - Lunar Gravity.wav
SERGIK - Mind Rollercoaster.wav,SERGIK WAVs,WAV,62.98,2022-02-06,/Volumes/SERGIK 2tb2/Exports SERGIK/SERGIK WAVs/SERGIK - Mind Rollercoaster.wav
SERGIK - Motions.wav,SERGIK WAVs,WAV,26.5,2021-08-28,/Volumes/SERGIK 2tb2/Exports SERGIK/SERGIK WAVs/SERGIK - Motions.wav
Sergik - Music is my drug.wav,SERGIK WAVs,WAV,64.34,2022-05-24,/Volumes/SERGIK 2tb2/Exports SERGIK/SERGIK WAVs/Sergik - Music is my drug.wav
SERGIK - Never Hold Back (TechyesHausno mix).wav,SERGIK WAVs,WAV,61.03,2022-02-02,/Volumes/SERGIK 2tb2/Exports SERGIK/SERGIK WAVs/SERGIK - Never Hold Back (TechyesHausno mix).wav
SERGIK - Never Hold Back.wav,SERGIK WAVs,WAV,63.47,2022-03-04,/Volumes/SERGIK 2tb2/Exports SERGIK/SERGIK WAVs/SERGIK - Never Hold Back.wav
SERGIK - Nimbus Ride.wav,SERGIK WAVs,WAV,65.61,2022-03-19,/Volumes/SERGIK 2tb2/Exports SERGIK/SERGIK WAVs/SERGIK - Nimbus Ride.wav
SERGIK - No Drama.wav,SERGIK WAVs,WAV,66.38,2022-02-02,/Volumes/SERGIK 2tb2/Exports SERGIK/SERGIK WAVs/SERGIK - No Drama.wav
SERGIK - No Fvcks Left.wav,SERGIK WAVs,WAV,62.78,2022-05-13,/Volumes/SERGIK 2tb2/Exports SERGIK/SERGIK WAVs/SERGIK - No Fvcks Left.wav
SERGIK - On Slack.wav,SERGIK WAVs,WAV,30.28,2023-05-05,/Volumes/SERGIK 2tb2/Exports SERGIK/SERGIK WAVs/SERGIK - On Slack.wav
SERGIK - On the Go.wav,SERGIK WAVs,WAV,27.98,2022-12-15,/Volumes/SERGIK 2tb2/Exports SERGIK/SERGIK WAVs/SERGIK - On the Go.wav
SERGIK - Ooh I Like That.wav,SERGIK WAVs,WAV,71.31,2022-08-10,/Volumes/SERGIK 2tb2/Exports SERGIK/SERGIK WAVs/SERGIK - Ooh I Like That.wav
SERGIK - Oooh Ah Eee.wav,SERGIK WAVs,WAV,54.7,2022-03-24,/Volumes/SERGIK 2tb2/Exports SERGIK/SERGIK WAVs/SERGIK - Oooh Ah Eee.wav
SERGIK - Oye Mami.wav,SERGIK WAVs,WAV,69.61,2022-06-24,/Volumes/SERGIK 2tb2/Exports SERGIK/SERGIK WAVs/SERGIK - Oye Mami.wav
SERGIK - Party People.wav,SERGIK WAVs,WAV,40.69,2023-03-14,/Volumes/SERGIK 2tb2/Exports SERGIK/SERGIK WAVs/SERGIK - Party People.wav
SERGIK - Peer Pressure.wav,SERGIK WAVs,WAV,62.98,2022-04-08,/Volumes/SERGIK 2tb2/Exports SERGIK/SERGIK WAVs/SERGIK - Peer Pressure.wav
SERGIK - Preach to the Choir ft. Sewer.wav,SERGIK WAVs,WAV,45.65,2022-02-02,/Volumes/SERGIK 2tb2/Exports SERGIK/SERGIK WAVs/SERGIK - Preach to the Choir ft. Sewer.wav
SERGIK - Rabbit hole.wav,SERGIK WAVs,WAV,31.26,2021-11-28,/Volumes/SERGIK 2tb2/Exports SERGIK/SERGIK WAVs/SERGIK - Rabbit hole.wav
SERGIK - Radiowave Contact.wav,SERGIK WAVs,WAV,67.51,2022-06-10,/Volumes/SERGIK 2tb2/Exports SERGIK/SERGIK WAVs/SERGIK - Radiowave Contact.wav
Sergik - Recuperate.wav,SERGIK WAVs,WAV,26.08,2021-08-07,/Volumes/SERGIK 2tb2/Exports SERGIK/SERGIK WAVs/Sergik - Recuperate.wav
SERGIK - Rooftop Sunsets.wav,SERGIK WAVs,WAV,72.62,2022-06-25,/Volumes/SERGIK 2tb2/Exports SERGIK/SERGIK WAVs/SERGIK - Rooftop Sunsets.wav
SERGIK - Roundabout No Exit.wav,SERGIK WAVs,WAV,60.69,2022-04-23,/Volumes/SERGIK 2tb2/Exports SERGIK/SERGIK WAVs/SERGIK - Roundabout No Exit.wav
SERGIK - Rover Coasting.wav,SERGIK WAVs,WAV,67.5,2022-05-28,/Volumes/SERGIK 2tb2/Exports SERGIK/SERGIK WAVs/SERGIK - Rover Coasting.wav
SERGIK - Rules Dont Apply.wav,SERGIK WAVs,WAV,60.6,2022-07-01,/Volumes/SERGIK 2tb2/Exports SERGIK/SERGIK WAVs/SERGIK - Rules Dont Apply.wav
SERGIK - Self Love.wav,SERGIK WAVs,WAV,64.04,2022-03-19,/Volumes/SERGIK 2tb2/Exports SERGIK/SERGIK WAVs/SERGIK - Self Love.wav
Sergik - Shifting.wav,SERGIK WAVs,WAV,66.42,2022-04-16,/Volumes/SERGIK 2tb2/Exports SERGIK/SERGIK WAVs/Sergik - Shifting.wav
SERGIK - Something.wav,SERGIK WAVs,WAV,41.68,2023-04-08,/Volumes/SERGIK 2tb2/Exports SERGIK/SERGIK WAVs/SERGIK - Something.wav
SERGIK - Soular Exploration.wav,SERGIK WAVs,WAV,60.12,2022-06-28,/Volumes/SERGIK 2tb2/Exports SERGIK/SERGIK WAVs/SERGIK - Soular Exploration.wav
SERGIK - Space Dust.wav,SERGIK WAVs,WAV,24.82,2021-09-21,/Volumes/SERGIK 2tb2/Exports SERGIK/SERGIK WAVs/SERGIK - Space Dust.wav
SERGIK - Space Travel.wav,SERGIK WAVs,WAV,63.02,2022-01-29,/Volumes/SERGIK 2tb2/Exports SERGIK/SERGIK WAVs/SERGIK - Space Travel.wav
SERGIK - Spanktula.1.wav,SERGIK WAVs,WAV,50.39,2022-03-04,/Volumes/SERGIK 2tb2/Exports SERGIK/SERGIK WAVs/SERGIK - Spanktula.1.wav
SERGIK - Spanktula.wav,SERGIK WAVs,WAV,50.39,2022-02-04,/Volumes/SERGIK 2tb2/Exports SERGIK/SERGIK WAVs/SERGIK - Spanktula.wav
SERGIK - Swonky 1.wav,SERGIK WAVs,WAV,35.61,2023-03-23,/Volumes/SERGIK 2tb2/Exports SERGIK/SERGIK WAVs/SERGIK - Swonky 1.wav
SERGIK - Swonky.wav,SERGIK WAVs,WAV,35.61,2023-03-22,/Volumes/SERGIK 2tb2/Exports SERGIK/SERGIK WAVs/SERGIK - Swonky.wav
SERGIK - Take A Walk.wav,SERGIK WAVs,WAV,60.12,2022-06-30,/Volumes/SERGIK 2tb2/Exports SERGIK/SERGIK WAVs/SERGIK - Take A Walk.wav
SERGIK - Take.wav,SERGIK WAVs,WAV,62.5,2022-03-04,/Volumes/SERGIK 2tb2/Exports SERGIK/SERGIK WAVs/SERGIK - Take.wav
SERGIK - Tell me wat it do.wav,SERGIK WAVs,WAV,61.99,2022-12-01,/Volumes/SERGIK 2tb2/Exports SERGIK/SERGIK WAVs/SERGIK - Tell me wat it do.wav
SERGIK - Tell Me What It Do.wav,SERGIK WAVs,WAV,61.51,2022-12-01,/Volumes/SERGIK 2tb2/Exports SERGIK/SERGIK WAVs/SERGIK - Tell Me What It Do.wav
Sergik - Tell Me.wav,SERGIK WAVs,WAV,41.34,2021-09-08,/Volumes/SERGIK 2tb2/Exports SERGIK/SERGIK WAVs/Sergik - Tell Me.wav
SERGIK - Temptations.wav,SERGIK WAVs,WAV,34.7,2021-12-13,/Volumes/SERGIK 2tb2/Exports SERGIK/SERGIK WAVs/SERGIK - Temptations.wav
SERGIK - This is the sound.wav,SERGIK WAVs,WAV,40.76,2021-09-09,/Volumes/SERGIK 2tb2/Exports SERGIK/SERGIK WAVs/SERGIK - This is the sound.wav
SERGIK - Turn in to.wav,SERGIK WAVs,WAV,61.52,2022-04-03,/Volumes/SERGIK 2tb2/Exports SERGIK/SERGIK WAVs/SERGIK - Turn in to.wav
SERGIK - Up All Night.wav,SERGIK WAVs,WAV,34.19,2021-12-10,/Volumes/SERGIK 2tb2/Exports SERGIK/SERGIK WAVs/SERGIK - Up All Night.wav
SERGIK - Up n Down.wav,SERGIK WAVs,WAV,50.95,2022-11-19,/Volumes/SERGIK 2tb2/Exports SERGIK/SERGIK WAVs/SERGIK - Up n Down.wav
SERGIK - Vibrationz.wav,SERGIK WAVs,WAV,69.67,2022-05-29,/Volumes/SERGIK 2tb2/Exports SERGIK/SERGIK WAVs/SERGIK - Vibrationz.wav
SERGIK - Want What I Want.wav,SERGIK WAVs,WAV,59.59,2022-03-10,/Volumes/SERGIK 2tb2/Exports SERGIK/SERGIK WAVs/SERGIK - Want What I Want.wav
Sergik - Warehouse District.1.wav,SERGIK WAVs,WAV,57.68,2022-02-02,/Volumes/SERGIK 2tb2/Exports SERGIK/SERGIK WAVs/Sergik - Warehouse District.1.wav
Sergik - Warehouse District.wav,SERGIK WAVs,WAV,39.07,2021-12-02,/Volumes/SERGIK 2tb2/Exports SERGIK/SERGIK WAVs/Sergik - Warehouse District.wav
SERGIK - We Got It.wav,SERGIK WAVs,WAV,39.41,2023-02-21,/Volumes/SERGIK 2tb2/Exports SERGIK/SERGIK WAVs/SERGIK - We Got It.wav
SERGIK - What You Gon Do.wav,SERGIK WAVs,WAV,62.98,2022-07-20,/Volumes/SERGIK 2tb2/Exports SERGIK/SERGIK WAVs/SERGIK - What You Gon Do.wav
SERGIK - Whats Her Name ft. Mateo Haze.wav,SERGIK WAVs,WAV,41.38,2022-01-30,/Volumes/SERGIK 2tb2/Exports SERGIK/SERGIK WAVs/SERGIK - Whats Her Name ft. Mateo Haze.wav
SERGIK - Whats the Plan Ft. WWW.wav,SERGIK WAVs,WAV,37.12,2021-12-17,/Volumes/SERGIK 2tb2/Exports SERGIK/SERGIK WAVs/SERGIK - Whats the Plan Ft. WWW.wav
SERGIK - When we go.wav,SERGIK WAVs,WAV,38.77,2023-04-19,/Volumes/SERGIK 2tb2/Exports SERGIK/SERGIK WAVs/SERGIK - When we go.wav
SERGIK - Why Not.wav,SERGIK WAVs,WAV,73.35,2022-05-22,/Volumes/SERGIK 2tb2/Exports SERGIK/SERGIK WAVs/SERGIK - Why Not.wav
SERGIK - Wiggly.wav,SERGIK WAVs,WAV,37.42,2021-10-06,/Volumes/SERGIK 2tb2/Exports SERGIK/SERGIK WAVs/SERGIK - Wiggly.wav
SERGIK - WooksWonkWubz.wav,SERGIK WAVs,WAV,38.07,2022-03-19,/Volumes/SERGIK 2tb2/Exports SERGIK/SERGIK WAVs/SERGIK - WooksWonkWubz.wav
Sergik ft. 1200runway x DJ Epidemik - Its My Birthday?.wav,SERGIK WAVs,WAV,39.07,2021-11-07,/Volumes/SERGIK 2tb2/Exports SERGIK/SERGIK WAVs/Sergik ft. 1200runway x DJ Epidemik - Its My Birthday?.wav
SERGIK ft. Javi - LOKO.wav,SERGIK WAVs,WAV,60.64,2022-05-13,/Volumes/SERGIK 2tb2/Exports SERGIK/SERGIK WAVs/SERGIK ft. Javi - LOKO.wav
SERGIK ft. Residuo - Gottalotta.1.wav,SERGIK WAVs,WAV,63.49,2022-04-03,/Volumes/SERGIK 2tb2/Exports SERGIK/SERGIK WAVs/SERGIK ft. Residuo - Gottalotta.1.wav
SERGIK ft. Residuo - Gottalotta.wav,SERGIK WAVs,WAV,63.49,2022-01-31,/Volumes/SERGIK 2tb2/Exports SERGIK/SERGIK WAVs/SERGIK ft. Residuo - Gottalotta.wav
Sergik ft. RubyRainbow - T!me.wav,SERGIK WAVs,WAV,69.35,2022-02-01,/Volumes/SERGIK 2tb2/Exports SERGIK/SERGIK WAVs/Sergik ft. RubyRainbow - T!me.wav
SERGIK x Bone - Cosmic Cadillac.wav,SERGIK WAVs,WAV,65.32,2022-11-04,/Volumes/SERGIK 2tb2/Exports SERGIK/SERGIK WAVs/SERGIK x Bone - Cosmic Cadillac.wav
SERGIK x Braydo - Bicycle Day.wav,SERGIK WAVs,WAV,63.3,2022-04-20,/Volumes/SERGIK 2tb2/Exports SERGIK/SERGIK WAVs/SERGIK x Braydo - Bicycle Day.wav
SERGIK x Breauxx - You Can't 1.wav,SERGIK WAVs,WAV,39.57,2023-01-19,/Volumes/SERGIK 2tb2/Exports SERGIK/SERGIK WAVs/SERGIK x Breauxx - You Can't 1.wav
SERGIK x Breauxx - You Can't.wav,SERGIK WAVs,WAV,59.35,2022-07-17,/Volumes/SERGIK 2tb2/Exports SERGIK/SERGIK WAVs/SERGIK x Breauxx - You Can't.wav
SERGIK x Cafe Caderas - House Girls.wav,SERGIK WAVs,WAV,36.53,2021-09-09,/Volumes/SERGIK 2tb2/Exports SERGIK/SERGIK WAVs/SERGIK x Cafe Caderas - House Girls.wav
SERGIK x CEEMOAR x GOJI - SlimThick.wav,SERGIK WAVs,WAV,38.45,2023-04-13,/Volumes/SERGIK 2tb2/Exports SERGIK/SERGIK WAVs/SERGIK x CEEMOAR x GOJI - SlimThick.wav
SERGIK x CHKLZ - DTF.wav,SERGIK WAVs,WAV,58.18,2023-06-21,/Volumes/SERGIK 2tb2/Exports SERGIK/SERGIK WAVs/SERGIK x CHKLZ - DTF.wav
SERGIK x CHKLZ - On Da Flow.wav,SERGIK WAVs,WAV,38.79,2023-04-12,/Volumes/SERGIK 2tb2/Exports SERGIK/SERGIK WAVs/SERGIK x CHKLZ - On Da Flow.wav
SERGIK x CHKLZ - To Da Flow.wav,SERGIK WAVs,WAV,30.76,2023-04-10,/Volumes/SERGIK 2tb2/Exports SERGIK/SERGIK WAVs/SERGIK x CHKLZ - To Da Flow.wav
SERGIK x Dillon Nathaniel - Moon Glazin.wav,SERGIK WAVs,WAV,62.85,2022-05-13,/Volumes/SERGIK 2tb2/Exports SERGIK/SERGIK WAVs/SERGIK x Dillon Nathaniel - Moon Glazin.wav
Sergik x DJ Dalle - Its Your turn.wav,SERGIK WAVs,WAV,44.07,2021-09-20,/Volumes/SERGIK 2tb2/Exports SERGIK/SERGIK WAVs/Sergik x DJ Dalle - Its Your turn.wav
Sergik x DJ Epidemik x 1200Runway - No Time.wav,SERGIK WAVs,WAV,33.59,2021-10-03,/Volumes/SERGIK 2tb2/Exports SERGIK/SERGIK WAVs/Sergik x DJ Epidemik x 1200Runway - No Time.wav
SERGIK x Emperor Obscure - Baggin On Me.wav,SERGIK WAVs,WAV,64.34,2022-07-03,/Volumes/SERGIK 2tb2/Exports SERGIK/SERGIK WAVs/SERGIK x Emperor Obscure - Baggin On Me.wav
SERGIK x Francisco Josue - Let Me.2.wav,SERGIK WAVs,WAV,41.68,2021-10-02,/Volumes/SERGIK 2tb2/Exports SERGIK/SERGIK WAVs/SERGIK x Francisco Josue - Let Me.2.wav
SERGIK x Francisco Josue - Let Me.wav,SERGIK WAVs,WAV,42.33,2021-10-01,/Volumes/SERGIK 2tb2/Exports SERGIK/SERGIK WAVs/SERGIK x Francisco Josue - Let Me.wav
Sergik x Grund - Oh My.wav,SERGIK WAVs,WAV,33.59,2021-10-04,/Volumes/SERGIK 2tb2/Exports SERGIK/SERGIK WAVs/Sergik x Grund - Oh My.wav
Sergik x Hausofdevotion - Delirium.wav,SERGIK WAVs,WAV,28.65,2021-11-02,/Volumes/SERGIK 2tb2/Exports SERGIK/SERGIK WAVs/Sergik x Hausofdevotion - Delirium.wav
SERGIK x Hausofdevotion - Love Again.wav,SERGIK WAVs,WAV,50.47,2022-01-31,/Volumes/SERGIK 2tb2/Exports SERGIK/SERGIK WAVs/SERGIK x Hausofdevotion - Love Again.wav
SERGIK x Javi - Smoke Break at Da Crib VIP.2.wav,SERGIK WAVs,WAV,48.45,2022-04-10,/Volumes/SERGIK 2tb2/Exports SERGIK/SERGIK WAVs/SERGIK x Javi - Smoke Break at Da Crib VIP.2.wav
SERGIK x Javi - Smoke Break at Da Crib VIP1.wav,SERGIK WAVs,WAV,48.45,2022-04-09,/Volumes/SERGIK 2tb2/Exports SERGIK/SERGIK WAVs/SERGIK x Javi - Smoke Break at Da Crib VIP1.wav
SERGIK x Javi - Smoke Break at Da Crib.wav,SERGIK WAVs,WAV,48.45,2022-04-09,/Volumes/SERGIK 2tb2/Exports SERGIK/SERGIK WAVs/SERGIK x Javi - Smoke Break at Da Crib.wav
SERGIK X JIMII - JUST IN CASE .wav,SERGIK WAVs,WAV,46.05,2023-02-21,/Volumes/SERGIK 2tb2/Exports SERGIK/SERGIK WAVs/SERGIK X JIMII - JUST IN CASE .wav
SERGIK X Karlido x Joc - Love in Ibiza.wav,SERGIK WAVs,WAV,52.75,2022-10-01,/Volumes/SERGIK 2tb2/Exports SERGIK/SERGIK WAVs/SERGIK X Karlido x Joc - Love in Ibiza.wav
SERGIK x Kody Black x Lugh Haurie - All My Friends.wav,SERGIK WAVs,WAV,65.81,2022-03-23,/Volumes/SERGIK 2tb2/Exports SERGIK/SERGIK WAVs/SERGIK x Kody Black x Lugh Haurie - All My Friends.wav
SERGIK x Konbot x Lavender - Moon Freakin.wav,SERGIK WAVs,WAV,55.68,2022-08-18,/Volumes/SERGIK 2tb2/Exports SERGIK/SERGIK WAVs/SERGIK x Konbot x Lavender - Moon Freakin.wav
SERGIK x L9V - 6 Hours In.2.wav,SERGIK WAVs,WAV,63.81,2022-01-08,/Volumes/SERGIK 2tb2/Exports SERGIK/SERGIK WAVs/SERGIK x L9V - 6 Hours In.2.wav
SERGIK x L9V - City Circus.wav,SERGIK WAVs,WAV,55.9,2022-04-14,/Volumes/SERGIK 2tb2/Exports SERGIK/SERGIK WAVs/SERGIK x L9V - City Circus.wav
SERGIK x L9V - DarkPark.wav,SERGIK WAVs,WAV,75.94,2022-06-04,/Volumes/SERGIK 2tb2/Exports SERGIK/SERGIK WAVs/SERGIK x L9V - DarkPark.wav
Sergik x L9V - Hourglass.wav,SERGIK WAVs,WAV,51.36,2022-02-05,/Volumes/SERGIK 2tb2/Exports SERGIK/SERGIK WAVs/Sergik x L9V - Hourglass.wav
SERGIK x L9V x Silent Jay - We Should Save.wav,SERGIK WAVs,WAV,72.25,2022-01-08,/Volumes/SERGIK 2tb2/Exports SERGIK/SERGIK WAVs/SERGIK x L9V x Silent Jay - We Should Save.wav
SERGIK x Ladell Ransom - Desiderata.wav,SERGIK WAVs,WAV,25.63,2023-04-13,/Volumes/SERGIK 2tb2/Exports SERGIK/SERGIK WAVs/SERGIK x Ladell Ransom - Desiderata.wav
SERGIK x LODIN - Bussin v2.wav,SERGIK WAVs,WAV,41.02,2023-02-17,/Volumes/SERGIK 2tb2/Exports SERGIK/SERGIK WAVs/SERGIK x LODIN - Bussin v2.wav
SERGIK x LODIN - Bussin.wav,SERGIK WAVs,WAV,41.66,2023-02-16,/Volumes/SERGIK 2tb2/Exports SERGIK/SERGIK WAVs/SERGIK x LODIN - Bussin.wav
Sergik x Mateo Haze - Changing Lanes.wav,SERGIK WAVs,WAV,37.47,2021-12-16,/Volumes/SERGIK 2tb2/Exports SERGIK/SERGIK WAVs/Sergik x Mateo Haze - Changing Lanes.wav
SERGIK x Melfice - Buggn.wav,SERGIK WAVs,WAV,60.12,2022-05-22,/Volumes/SERGIK 2tb2/Exports SERGIK/SERGIK WAVs/SERGIK x Melfice - Buggn.wav
SERGIK x MEUGEN - Lucid .wav,SERGIK WAVs,WAV,18.24,2021-09-21,/Volumes/SERGIK 2tb2/Exports SERGIK/SERGIK WAVs/SERGIK x MEUGEN - Lucid .wav
SERGIK x NOBOUNDS - Alleyways.wav,SERGIK WAVs,WAV,46.89,2021-12-29,/Volumes/SERGIK 2tb2/Exports SERGIK/SERGIK WAVs/SERGIK x NOBOUNDS - Alleyways.wav
Sergik x Nobounds - Not My Fault.wav,SERGIK WAVs,WAV,36.82,2021-12-15,/Volumes/SERGIK 2tb2/Exports SERGIK/SERGIK WAVs/Sergik x Nobounds - Not My Fault.wav
SERGIK X OLEA - Bad Water.wav,SERGIK WAVs,WAV,60.12,2021-12-30,/Volumes/SERGIK 2tb2/Exports SERGIK/SERGIK WAVs/SERGIK X OLEA - Bad Water.wav
SERGIK x Optikz - Front to Da Back.wav,SERGIK WAVs,WAV,36.53,2023-02-21,/Volumes/SERGIK 2tb2/Exports SERGIK/SERGIK WAVs/SERGIK x Optikz - Front to Da Back.wav
SERGIK x Silent Jay - Late Morning.wav,SERGIK WAVs,WAV,17.94,2023-04-02,/Volumes/SERGIK 2tb2/Exports SERGIK/SERGIK WAVs/SERGIK x Silent Jay - Late Morning.wav
SERGIK x Silent Jay - Late Morning1.wav,SERGIK WAVs,WAV,41.34,2023-04-07,/Volumes/SERGIK 2tb2/Exports SERGIK/SERGIK WAVs/SERGIK x Silent Jay - Late Morning1.wav
SERGIK x Silent Jay - Make Me Free.wav,SERGIK WAVs,WAV,66.44,2022-04-23,/Volumes/SERGIK 2tb2/Exports SERGIK/SERGIK WAVs/SERGIK x Silent Jay - Make Me Free.wav
SERGIK x Silent Jay - Move n Groove.wav,SERGIK WAVs,WAV,36.82,2023-04-02,/Volumes/SERGIK 2tb2/Exports SERGIK/SERGIK WAVs/SERGIK x Silent Jay - Move n Groove.wav
Sergik x Silent Jay - tear the roof off.wav,SERGIK WAVs,WAV,41.51,2023-03-31,/Volumes/SERGIK 2tb2/Exports SERGIK/SERGIK WAVs/Sergik x Silent Jay - tear the roof off.wav
Sergik x Silent Jay - We All Turnt.wav,SERGIK WAVs,WAV,37.04,2021-11-22,/Volumes/SERGIK 2tb2/Exports SERGIK/SERGIK WAVs/Sergik x Silent Jay - We All Turnt.wav
SERGIK x Silent Jay x Van - Viva Ponderosa.wav,SERGIK WAVs,WAV,38.45,2023-04-07,/Volumes/SERGIK 2tb2/Exports SERGIK/SERGIK WAVs/SERGIK x Silent Jay x Van - Viva Ponderosa.wav
Sergik x Skeezy - Gangsta.wav,SERGIK WAVs,WAV,55.11,2023-02-21,/Volumes/SERGIK 2tb2/Exports SERGIK/SERGIK WAVs/Sergik x Skeezy - Gangsta.wav
SERGIK x Skeezy - Keep Myself .wav,SERGIK WAVs,WAV,46.51,2023-02-24,/Volumes/SERGIK 2tb2/Exports SERGIK/SERGIK WAVs/SERGIK x Skeezy - Keep Myself .wav
SERGIK x Skeezy- Brain Alter.wav,SERGIK WAVs,WAV,53.41,2023-03-30,/Volumes/SERGIK 2tb2/Exports SERGIK/SERGIK WAVs/SERGIK x Skeezy- Brain Alter.wav
SERGIK x SLICK FLOYD - Feelin Good.wav,SERGIK WAVs,WAV,63.28,2022-05-06,/Volumes/SERGIK 2tb2/Exports SERGIK/SERGIK WAVs/SERGIK x SLICK FLOYD - Feelin Good.wav
Sergik x Slick Floyd - If you want to.wav,SERGIK WAVs,WAV,41.34,2021-11-10,/Volumes/SERGIK 2tb2/Exports SERGIK/SERGIK WAVs/Sergik x Slick Floyd - If you want to.wav
SERGIK x Slick Floyd - Just Groove.wav,SERGIK WAVs,WAV,55.23,2023-06-04,/Volumes/SERGIK 2tb2/Exports SERGIK/SERGIK WAVs/SERGIK x Slick Floyd - Just Groove.wav
SERGIK x Steve - Yard man.wav,SERGIK WAVs,WAV,45.78,2023-06-04,/Volumes/SERGIK 2tb2/Exports SERGIK/SERGIK WAVs/SERGIK x Steve - Yard man.wav
SERGIK x Steve - Yardman.wav,SERGIK WAVs,WAV,30.52,2023-05-27,/Volumes/SERGIK 2tb2/Exports SERGIK/SERGIK WAVs/SERGIK x Steve - Yardman.wav
SERGIK x Zonii - kcuf.wav,SERGIK WAVs,WAV,38.76,2022-02-08,/Volumes/SERGIK 2tb2/Exports SERGIK/SERGIK WAVs/SERGIK x Zonii - kcuf.wav
SERGIK x Zonii - LAZER BEAMS.wav,SERGIK WAVs,WAV,53.29,2022-02-07,/Volumes/SERGIK 2tb2/Exports SERGIK/SERGIK WAVs/SERGIK x Zonii - LAZER BEAMS.wav
SnoopCat.wav,SERGIK WAVs,WAV,64.02,2020-06-04,/Volumes/SERGIK 2tb2/Exports SERGIK/SERGIK WAVs/SnoopCat.wav
space dust.wav,SERGIK WAVs,WAV,59.09,2020-11-13,/Volumes/SERGIK 2tb2/Exports SERGIK/SERGIK WAVs/space dust.wav
These times.wav,SERGIK WAVs,WAV,14.25,2020-06-03,/Volumes/SERGIK 2tb2/Exports SERGIK/SERGIK WAVs/These times.wav
This is the sound.wav,SERGIK WAVs,WAV,40.7,2021-05-04,/Volumes/SERGIK 2tb2/Exports SERGIK/SERGIK WAVs/This is the sound.wav
We Should Save - Dubba Haus.wav,SERGIK WAVs,WAV,44.06,2022-04-11,/Volumes/SERGIK 2tb2/Exports SERGIK/SERGIK WAVs/We Should Save - Dubba Haus.wav
SERGIK - Alright.wav,SERGIK WAVs,WAV,64.82,2023-10-27,/Volumes/SERGIK 2tb2/Exports SERGIK/SERGIK WAVs/SERGIK - Alright.wav
SERGIK - Tuck n Roll.wav,SERGIK WAVs,WAV,61.99,2023-10-27,/Volumes/SERGIK 2tb2/Exports SERGIK/SERGIK WAVs/SERGIK - Tuck n Roll.wav
SERGIK - Seretonin.wav,SERGIK WAVs,WAV,57.72,2023-10-28,/Volumes/SERGIK 2tb2/Exports SERGIK/SERGIK WAVs/SERGIK - Seretonin.wav
SERGIK x OffMedz_ - Around the World.wav,SERGIK WAVs,WAV,50.87,2023-11-04,/Volumes/SERGIK 2tb2/Exports SERGIK/SERGIK WAVs/SERGIK x OffMedz_ - Around the World.wav
SERGIK x OffMedz_ - Around the World 1.wav,SERGIK WAVs,WAV,50.87,2023-11-04,/Volumes/SERGIK 2tb2/Exports SERGIK/SERGIK WAVs/SERGIK x OffMedz_ - Around the World 1.wav
SERGIKx Offmedz_ - Trippy Liquid.wav,SERGIK WAVs,WAV,55.23,2023-11-05,/Volumes/SERGIK 2tb2/Exports SERGIK/SERGIK WAVs/SERGIKx Offmedz_ - Trippy Liquid.wav
SERGIK - Wut We Bring.wav,SERGIK WAVs,WAV,55.68,2023-11-05,/Volumes/SERGIK 2tb2/Exports SERGIK/SERGIK WAVs/SERGIK - Wut We Bring.wav
SERGIK x Silent Jay - Like That.wav,SERGIK WAVs,WAV,71.71,2023-11-06,/Volumes/SERGIK 2tb2/Exports SERGIK/SERGIK WAVs/SERGIK x Silent Jay - Like That.wav
SERGIK - Its a Feeling.wav,SERGIK WAVs,WAV,43.93,2023-11-07,/Volumes/SERGIK 2tb2/Exports SERGIK/SERGIK WAVs/SERGIK - Its a Feeling.wav
SERGIK - Not the Type.wav,SERGIK WAVs,WAV,51.63,2023-11-07,/Volumes/SERGIK 2tb2/Exports SERGIK/SERGIK WAVs/SERGIK - Not the Type.wav
Auxlee x Silent Jay x SERGIK x Offmedz - Just Breathe.wav,SERGIK WAVs,WAV,58.02,2023-11-27,/Volumes/SERGIK 2tb2/Exports SERGIK/SERGIK WAVs/Auxlee x Silent Jay x SERGIK x Offmedz - Just Breathe.wav
SERGIK x WWW - Late Nighters.wav,SERGIK WAVs,WAV,59.59,2023-11-30,/Volumes/SERGIK 2tb2/Exports SERGIK/SERGIK WAVs/SERGIK x WWW - Late Nighters.wav
SERGIK x OG Coconut x Kuhl - Mavericks.wav,SERGIK WAVs,WAV,38.07,2024-03-05,/Volumes/SERGIK 2tb2/Exports SERGIK/SERGIK WAVs/SERGIK x OG Coconut x Kuhl - Mavericks.wav
SERGIK - Can You Dance v2.wav,SERGIK WAVs,WAV,77.17,2024-03-06,/Volumes/SERGIK 2tb2/Exports SERGIK/SERGIK WAVs/SERGIK - Can You Dance v2.wav
SERGIK - Can You Dance v2.mp3,SERGIK WAVs,MP3,11.67,2024-03-06,/Volumes/SERGIK 2tb2/Exports SERGIK/SERGIK WAVs/SERGIK - Can You Dance v2.mp3
SERGIK x OG Coconut x Kuhl - Mavericks.mp3,SERGIK WAVs,MP3,5.75,2024-03-05,/Volumes/SERGIK 2tb2/Exports SERGIK/SERGIK WAVs/SERGIK x OG Coconut x Kuhl - Mavericks.mp3
SERGIK x OG Coconut x Kuhl - Mavericks V2.mp3,SERGIK WAVs,MP3,7.32,2024-03-05,/Volumes/SERGIK 2tb2/Exports SERGIK/SERGIK WAVs/SERGIK x OG Coconut x Kuhl - Mavericks V2.mp3
SERGIK x OG Coconut x Kuhl - Mavericks V2.wav,SERGIK WAVs,WAV,48.45,2024-03-05,/Volumes/SERGIK 2tb2/Exports SERGIK/SERGIK WAVs/SERGIK x OG Coconut x Kuhl - Mavericks V2.wav
SERGIK - Can You Dance.wav,SERGIK WAVs,WAV,77.17,2024-03-04,/Volumes/SERGIK 2tb2/Exports SERGIK/SERGIK WAVs/SERGIK - Can You Dance.wav
SERGIK - Can You Dance.mp3,SERGIK WAVs,MP3,11.67,2024-03-04,/Volumes/SERGIK 2tb2/Exports SERGIK/SERGIK WAVs/SERGIK - Can You Dance.mp3
SERGIK x OG Coconut - What you want.wav,SERGIK WAVs,WAV,83.27,2024-03-01,/Volumes/SERGIK 2tb2/Exports SERGIK/SERGIK WAVs/SERGIK x OG Coconut - What you want.wav
SERGIK - Like That .mp3,SERGIK WAVs,MP3,11.52,2024-02-29,/Volumes/SERGIK 2tb2/Exports SERGIK/SERGIK WAVs/SERGIK - Like That .mp3
SERGIK x OG Coconut - What you want.mp3,SERGIK WAVs,MP3,12.59,2024-03-01,/Volumes/SERGIK 2tb2/Exports SERGIK/SERGIK WAVs/SERGIK x OG Coconut - What you want.mp3
SERGIK - Moon Settler.wav,SERGIK WAVs,WAV,69.65,2024-03-04,/Volumes/SERGIK 2tb2/Exports SERGIK/SERGIK WAVs/SERGIK - Moon Settler.wav
SERGIK - Like That .wav,SERGIK WAVs,WAV,76.19,2024-02-29,/Volumes/SERGIK 2tb2/Exports SERGIK/SERGIK WAVs/SERGIK - Like That .wav
SERGIK - Funky Technician 1.wav,SERGIK WAVs,WAV,82.02,2024-02-29,/Volumes/SERGIK 2tb2/Exports SERGIK/SERGIK WAVs/SERGIK - Funky Technician 1.wav
SERGIK - Funky Technician 1.mp3,SERGIK WAVs,MP3,12.4,2024-02-29,/Volumes/SERGIK 2tb2/Exports SERGIK/SERGIK WAVs/SERGIK - Funky Technician 1.mp3
SERGIK - Been Done.wav,SERGIK WAVs,WAV,64.01,2024-02-29,/Volumes/SERGIK 2tb2/Exports SERGIK/SERGIK WAVs/SERGIK - Been Done.wav
SERGIK - They Know.mp3,SERGIK WAVs,MP3,10.04,2024-02-25,/Volumes/SERGIK 2tb2/Exports SERGIK/SERGIK WAVs/SERGIK - They Know.mp3
SERGIK - Been Done.mp3,SERGIK WAVs,MP3,9.68,2024-02-29,/Volumes/SERGIK 2tb2/Exports SERGIK/SERGIK WAVs/SERGIK - Been Done.mp3
SERGIK - They Know.wav,SERGIK WAVs,WAV,66.42,2024-02-25,/Volumes/SERGIK 2tb2/Exports SERGIK/SERGIK WAVs/SERGIK - They Know.wav
SERGIK - Whats the Reason.wav,SERGIK WAVs,WAV,67.4,2024-02-24,/Volumes/SERGIK 2tb2/Exports SERGIK/SERGIK WAVs/SERGIK - Whats the Reason.wav
SERGIK - Nothing to it.mp3,SERGIK WAVs,MP3,9.45,2024-03-12,/Volumes/SERGIK 2tb2/Exports SERGIK/SERGIK WAVs/SERGIK - Nothing to it.mp3
SERGIK - Whats the Reason.mp3,SERGIK WAVs,MP3,10.19,2024-02-24,/Volumes/SERGIK 2tb2/Exports SERGIK/SERGIK WAVs/SERGIK - Whats the Reason.mp3
SERGIK  - Make it Bounce Pre-Master.wav,SERGIK WAVs,WAV,65.37,2024-02-23,/Volumes/SERGIK 2tb2/Exports SERGIK/SERGIK WAVs/SERGIK  - Make it Bounce Pre-Master.wav
SERGIK - Spring Swing.wav,SERGIK WAVs,WAV,64.75,2024-02-24,/Volumes/SERGIK 2tb2/Exports SERGIK/SERGIK WAVs/SERGIK - Spring Swing.wav
SERGIK - Spring Swing.mp3,SERGIK WAVs,MP3,9.79,2024-02-24,/Volumes/SERGIK 2tb2/Exports SERGIK/SERGIK WAVs/SERGIK - Spring Swing.mp3
SERGIK  - Make it Bounce Pre-Master.mp3,SERGIK WAVs,MP3,9.88,2024-02-23,/Volumes/SERGIK 2tb2/Exports SERGIK/SERGIK WAVs/SERGIK  - Make it Bounce Pre-Master.mp3
SERGIK - Dont Mind Me.wav,SERGIK WAVs,WAV,66.72,2024-02-21,/Volumes/SERGIK 2tb2/Exports SERGIK/SERGIK WAVs/SERGIK - Dont Mind Me.wav
SERGIK x Bob Secret - Kiss Me.mp3,SERGIK WAVs,MP3,9.23,2024-02-22,/Volumes/SERGIK 2tb2/Exports SERGIK/SERGIK WAVs/SERGIK x Bob Secret - Kiss Me.mp3
SERGIK - Money Talk Bs Walk.mp3,SERGIK WAVs,MP3,8.93,2024-02-20,/Volumes/SERGIK 2tb2/Exports SERGIK/SERGIK WAVs/SERGIK - Money Talk Bs Walk.mp3
SERGIK - Dont Mind Me.mp3,SERGIK WAVs,MP3,10.09,2024-02-21,/Volumes/SERGIK 2tb2/Exports SERGIK/SERGIK WAVs/SERGIK - Dont Mind Me.mp3
SERGIK - Money Talk Bs Walk.wav,SERGIK WAVs,WAV,59.1,2024-02-20,/Volumes/SERGIK 2tb2/Exports SERGIK/SERGIK WAVs/SERGIK - Money Talk Bs Walk.wav
SERGIK - Illusions.mp3,SERGIK WAVs,MP3,11.28,2024-02-20,/Volumes/SERGIK 2tb2/Exports SERGIK/SERGIK WAVs/SERGIK - Illusions.mp3
Silent Jay x Sergik - Move Me .wav,SERGIK WAVs,WAV,82.36,2024-02-17,/Volumes/SERGIK 2tb2/Exports SERGIK/SERGIK WAVs/Silent Jay x Sergik - Move Me .wav
SERGIK - Illusions.wav,SERGIK WAVs,WAV,74.61,2024-02-20,/Volumes/SERGIK 2tb2/Exports SERGIK/SERGIK WAVs/SERGIK - Illusions.wav
SERGIK - Perspectives.wav,SERGIK WAVs,WAV,93.02,2024-02-18,/Volumes/SERGIK 2tb2/Exports SERGIK/SERGIK WAVs/SERGIK - Perspectives.wav
SERGIK - Perspectives.mp3,SERGIK WAVs,MP3,14.06,2024-02-18,/Volumes/SERGIK 2tb2/Exports SERGIK/SERGIK WAVs/SERGIK - Perspectives.mp3
SERGIK - Uninvited v2.wav,SERGIK WAVs,WAV,71.46,2024-02-17,/Volumes/SERGIK 2tb2/Exports SERGIK/SERGIK WAVs/SERGIK - Uninvited v2.wav
SERGIK - Uninvited v2.mp3,SERGIK WAVs,MP3,10.8,2024-02-17,/Volumes/SERGIK 2tb2/Exports SERGIK/SERGIK WAVs/SERGIK - Uninvited v2.mp3
Silent Jay x Sergik - Move Me .mp3,SERGIK WAVs,MP3,12.45,2024-02-17,/Volumes/SERGIK 2tb2/Exports SERGIK/SERGIK WAVs/Silent Jay x Sergik - Move Me .mp3
SERGIK x Breauxx x WWW - Uninvited.mp3,SERGIK WAVs,MP3,10.8,2024-02-16,/Volumes/SERGIK 2tb2/Exports SERGIK/SERGIK WAVs/SERGIK x Breauxx x WWW - Uninvited.mp3
SERGIK x Breauxx x WWW - Uninvited.wav,SERGIK WAVs,WAV,71.46,2024-02-16,/Volumes/SERGIK 2tb2/Exports SERGIK/SERGIK WAVs/SERGIK x Breauxx x WWW - Uninvited.wav
SERGIK - Dat Feelin.wav,SERGIK WAVs,WAV,70.18,2024-02-14,/Volumes/SERGIK 2tb2/Exports SERGIK/SERGIK WAVs/SERGIK - Dat Feelin.wav
SERGIK x SRIJA - Disco Power.mp3,SERGIK WAVs,MP3,9.3,2024-02-09,/Volumes/SERGIK 2tb2/Exports SERGIK/SERGIK WAVs/SERGIK x SRIJA - Disco Power.mp3
SERGIK - Dat Feelin.mp3,SERGIK WAVs,MP3,10.61,2024-02-14,/Volumes/SERGIK 2tb2/Exports SERGIK/SERGIK WAVs/SERGIK - Dat Feelin.mp3
SERGIK - My Type.wav,SERGIK WAVs,WAV,74.98,2024-02-11,/Volumes/SERGIK 2tb2/Exports SERGIK/SERGIK WAVs/SERGIK - My Type.wav
SERGIK x SRIJA - Disco Power.wav,SERGIK WAVs,WAV,61.52,2024-02-09,/Volumes/SERGIK 2tb2/Exports SERGIK/SERGIK WAVs/SERGIK x SRIJA - Disco Power.wav
SERGIK - Drop Dat B.wav,SERGIK WAVs,WAV,53.94,2024-01-29,/Volumes/SERGIK 2tb2/Exports SERGIK/SERGIK WAVs/SERGIK - Drop Dat B.wav
SERGIK - 49ers - Move Your Feet (remix).mp3,SERGIK WAVs,MP3,9.52,2024-01-31,/Volumes/SERGIK 2tb2/Exports SERGIK/SERGIK WAVs/SERGIK - 49ers - Move Your Feet (remix).mp3
SERGIK x FM - Dog n Me.wav,SERGIK WAVs,WAV,63.0,2024-02-08,/Volumes/SERGIK 2tb2/Exports SERGIK/SERGIK WAVs/SERGIK x FM - Dog n Me.wav
SERGIK x FM - Dog n Me.mp3,SERGIK WAVs,MP3,9.52,2024-02-08,/Volumes/SERGIK 2tb2/Exports SERGIK/SERGIK WAVs/SERGIK x FM - Dog n Me.mp3
SERGIK - Fk Wat They Say.wav,SERGIK WAVs,WAV,59.1,2024-02-04,/Volumes/SERGIK 2tb2/Exports SERGIK/SERGIK WAVs/SERGIK - Fk Wat They Say.wav
SERGIK - Fk Wat They Say.mp3,SERGIK WAVs,MP3,8.93,2024-02-04,/Volumes/SERGIK 2tb2/Exports SERGIK/SERGIK WAVs/SERGIK - Fk Wat They Say.mp3
Silent Jay x SERGIK -  It's Getting.wav,SERGIK WAVs,WAV,63.95,2024-02-04,/Volumes/SERGIK 2tb2/Exports SERGIK/SERGIK WAVs/Silent Jay x SERGIK -  It's Getting.wav
Silent Jay x SERGIK -  It's Getting.mp3,SERGIK WAVs,MP3,9.67,2024-02-04,/Volumes/SERGIK 2tb2/Exports SERGIK/SERGIK WAVs/Silent Jay x SERGIK -  It's Getting.mp3
SERGIK x JIMII - Do it Yourself v2.wav,SERGIK WAVs,WAV,61.51,2024-02-02,/Volumes/SERGIK 2tb2/Exports SERGIK/SERGIK WAVs/SERGIK x JIMII - Do it Yourself v2.wav
SERGIK x JIMII - Do it Yourself v2.mp3,SERGIK WAVs,MP3,9.3,2024-02-02,/Volumes/SERGIK 2tb2/Exports SERGIK/SERGIK WAVs/SERGIK x JIMII - Do it Yourself v2.mp3
SERGIK x Slick Floyd - LDE.wav,SERGIK WAVs,WAV,71.31,2024-02-02,/Volumes/SERGIK 2tb2/Exports SERGIK/SERGIK WAVs/SERGIK x Slick Floyd - LDE.wav
SERGIK x Slick Floyd - LDE.mp3,SERGIK WAVs,MP3,10.78,2024-02-02,/Volumes/SERGIK 2tb2/Exports SERGIK/SERGIK WAVs/SERGIK x Slick Floyd - LDE.mp3
SERGIK x JIMII - Do it Yourself.wav,SERGIK WAVs,WAV,61.03,2024-02-01,/Volumes/SERGIK 2tb2/Exports SERGIK/SERGIK WAVs/SERGIK x JIMII - Do it Yourself.wav
SERGIK x JIMII - Do it Yourself.mp3,SERGIK WAVs,MP3,9.23,2024-02-01,/Volumes/SERGIK 2tb2/Exports SERGIK/SERGIK WAVs/SERGIK x JIMII - Do it Yourself.mp3
SERGIK - Funky Technician.wav,SERGIK WAVs,WAV,58.18,2024-01-31,/Volumes/SERGIK 2tb2/Exports SERGIK/SERGIK WAVs/SERGIK - Funky Technician.wav
SERGIK - Funky Technician.mp3,SERGIK WAVs,MP3,8.8,2024-01-31,/Volumes/SERGIK 2tb2/Exports SERGIK/SERGIK WAVs/SERGIK - Funky Technician.mp3
SERGIK - 49ers - Move Your Feet (remix).wav,SERGIK WAVs,WAV,62.98,2024-01-31,/Volumes/SERGIK 2tb2/Exports SERGIK/SERGIK WAVs/SERGIK - 49ers - Move Your Feet (remix).wav
SERGIK - Vibracion.wav,SERGIK WAVs,WAV,54.51,2024-01-27,/Volumes/SERGIK 2tb2/Exports SERGIK/SERGIK WAVs/SERGIK - Vibracion.wav
SERGIK  - Make it Bounce.wav,SERGIK WAVs,WAV,65.37,2024-01-30,/Volumes/SERGIK 2tb2/Exports SERGIK/SERGIK WAVs/SERGIK  - Make it Bounce.wav
slick x ? - Acid Wash.wav,SERGIK WAVs,WAV,54.75,2024-01-26,/Volumes/SERGIK 2tb2/Exports SERGIK/SERGIK WAVs/slick x ? - Acid Wash.wav
SERGIK x ANDINO - Intrinsic Ones.wav,SERGIK WAVs,WAV,108.53,2024-01-28,/Volumes/SERGIK 2tb2/Exports SERGIK/SERGIK WAVs/SERGIK x ANDINO - Intrinsic Ones.wav
SERGIK - Quarter Keys ft Andino.wav,SERGIK WAVs,WAV,108.53,2024-01-27,/Volumes/SERGIK 2tb2/Exports SERGIK/SERGIK WAVs/SERGIK - Quarter Keys ft Andino.wav
SERGIK - How We Do.wav,SERGIK WAVs,WAV,58.64,2024-01-26,/Volumes/SERGIK 2tb2/Exports SERGIK/SERGIK WAVs/SERGIK - How We Do.wav
SERGIK - Rhythm VIP Techno.wav,SERGIK WAVs,WAV,61.51,2024-01-26,/Volumes/SERGIK 2tb2/Exports SERGIK/SERGIK WAVs/SERGIK - Rhythm VIP Techno.wav
SERGIK - Rhythm v3.wav,SERGIK WAVs,WAV,67.4,2024-01-25,/Volumes/SERGIK 2tb2/Exports SERGIK/SERGIK WAVs/SERGIK - Rhythm v3.wav
SERGIK - Voyager.wav,SERGIK WAVs,WAV,64.6,2024-01-21,/Volumes/SERGIK 2tb2/Exports SERGIK/SERGIK WAVs/SERGIK - Voyager.wav
SERGIK - Rhythm.wav,SERGIK WAVs,WAV,67.4,2024-01-25,/Volumes/SERGIK 2tb2/Exports SERGIK/SERGIK WAVs/SERGIK - Rhythm.wav
SERGIK x Stoy - Intelligent Filteroid.wav,SERGIK WAVs,WAV,81.71,2024-01-23,/Volumes/SERGIK 2tb2/Exports SERGIK/SERGIK WAVs/SERGIK x Stoy - Intelligent Filteroid.wav
Sergik x Slick Floyd x Connectjon - Shake.wav,SERGIK WAVs,WAV,46.51,2024-01-19,/Volumes/SERGIK 2tb2/Exports SERGIK/SERGIK WAVs/Sergik x Slick Floyd x Connectjon - Shake.wav
JIMII x Sergik - dublin.wav,SERGIK WAVs,WAV,112.67,2024-01-21,/Volumes/SERGIK 2tb2/Exports SERGIK/SERGIK WAVs/JIMII x Sergik - dublin.wav
SERGIK - Guttah.wav,SERGIK WAVs,WAV,78.21,2024-01-19,/Volumes/SERGIK 2tb2/Exports SERGIK/SERGIK WAVs/SERGIK - Guttah.wav
SERGIK - Dont Stop v2.wav,SERGIK WAVs,WAV,55.76,2024-01-17,/Volumes/SERGIK 2tb2/Exports SERGIK/SERGIK WAVs/SERGIK - Dont Stop v2.wav
SERGIK - Bubble Buddy.wav,SERGIK WAVs,WAV,62.98,2024-01-18,/Volumes/SERGIK 2tb2/Exports SERGIK/SERGIK WAVs/SERGIK - Bubble Buddy.wav
SERGIK x Forgotten Modern - Flip Da Switch v2.wav,SERGIK WAVs,WAV,59.12,2024-01-17,/Volumes/SERGIK 2tb2/Exports SERGIK/SERGIK WAVs/SERGIK x Forgotten Modern - Flip Da Switch v2.wav
SERGIK - Dont Stop V3.wav,SERGIK WAVs,WAV,55.76,2024-01-17,/Volumes/SERGIK 2tb2/Exports SERGIK/SERGIK WAVs/SERGIK - Dont Stop V3.wav
SERGIK - Dont Stop.wav,SERGIK WAVs,WAV,55.76,2024-01-16,/Volumes/SERGIK 2tb2/Exports SERGIK/SERGIK WAVs/SERGIK - Dont Stop.wav
SERGIK - Rhythm v2.wav,SERGIK WAVs,WAV,67.4,2024-01-25,/Volumes/SERGIK 2tb2/Exports SERGIK/SERGIK WAVs/SERGIK - Rhythm v2.wav
SERGIK x Guage x Fairydvst - Feelin.wav,SERGIK WAVs,WAV,57.68,2024-01-16,/Volumes/SERGIK 2tb2/Exports SERGIK/SERGIK WAVs/SERGIK x Guage x Fairydvst - Feelin.wav
SERGIK - Bender rework.wav,SERGIK WAVs,WAV,62.0,2024-01-13,/Volumes/SERGIK 2tb2/Exports SERGIK/SERGIK WAVs/SERGIK - Bender rework.wav
SERGIK - Got Dat.wav,SERGIK WAVs,WAV,51.91,2024-01-10,/Volumes/SERGIK 2tb2/Exports SERGIK/SERGIK WAVs/SERGIK - Got Dat.wav
SERGIK x Forgotten Modern - Give it To Em.wav,SERGIK WAVs,WAV,34.88,2024-01-10,/Volumes/SERGIK 2tb2/Exports SERGIK/SERGIK WAVs/SERGIK x Forgotten Modern - Give it To Em.wav
SERGIK - How I Feel.wav,SERGIK WAVs,WAV,65.61,2024-01-09,/Volumes/SERGIK 2tb2/Exports SERGIK/SERGIK WAVs/SERGIK - How I Feel.wav
SERGIK x Slick Floyd x Lev Ayathiens - Running.wav,SERGIK WAVs,WAV,61.57,2024-01-07,/Volumes/SERGIK 2tb2/Exports SERGIK/SERGIK WAVs/SERGIK x Slick Floyd x Lev Ayathiens - Running.wav
SERGIK x Slick Floyd x Lev Ayathiens - Running V2.wav,SERGIK WAVs,WAV,61.57,2024-01-07,/Volumes/SERGIK 2tb2/Exports SERGIK/SERGIK WAVs/SERGIK x Slick Floyd x Lev Ayathiens - Running V2.wav
SERGIK x Slick Floyd x Lev Ayathiens - Running (No Vocals).wav,SERGIK WAVs,WAV,61.57,2024-01-07,/Volumes/SERGIK 2tb2/Exports SERGIK/SERGIK WAVs/SERGIK x Slick Floyd x Lev Ayathiens - Running (No Vocals).wav
SERGIK x Forgotten Modern - Flip Da Switch.wav,SERGIK WAVs,WAV,59.12,2024-01-17,/Volumes/SERGIK 2tb2/Exports SERGIK/SERGIK WAVs/SERGIK x Forgotten Modern - Flip Da Switch.wav
SERGIK x LODIN - Mercy (Club Master).wav,SERGIK WAVs,WAV,74.84,2023-12-24,/Volumes/SERGIK 2tb2/Exports SERGIK/SERGIK WAVs/SERGIK x LODIN - Mercy (Club Master).wav
SERGIK - My Type.mp3,SERGIK WAVs,MP3,11.33,2024-02-11,/Volumes/SERGIK 2tb2/Exports SERGIK/SERGIK WAVs/SERGIK - My Type.mp3
SERGIK x Bob Secret - Kiss Me.wav,SERGIK WAVs,WAV,61.06,2024-02-22,/Volumes/SERGIK 2tb2/Exports SERGIK/SERGIK WAVs/SERGIK x Bob Secret - Kiss Me.wav
SERGIK - Have To Do It.wav,SERGIK WAVs,WAV,82.36,2024-03-08,/Volumes/SERGIK 2tb2/Exports SERGIK/SERGIK WAVs/SERGIK - Have To Do It.wav
SERGIK - Have To Do It.mp3,SERGIK WAVs,MP3,12.45,2024-03-08,/Volumes/SERGIK 2tb2/Exports SERGIK/SERGIK WAVs/SERGIK - Have To Do It.mp3
SERGIK - Para Papa.mp3,SERGIK WAVs,MP3,8.79,2024-03-10,/Volumes/SERGIK 2tb2/Exports SERGIK/SERGIK WAVs/SERGIK - Para Papa.mp3
SERGIK - Para Papa.wav,SERGIK WAVs,WAV,58.14,2024-03-10,/Volumes/SERGIK 2tb2/Exports SERGIK/SERGIK WAVs/SERGIK - Para Papa.wav
SERGIK - Nothing to it.wav,SERGIK WAVs,WAV,62.48,2024-03-12,/Volumes/SERGIK 2tb2/Exports SERGIK/SERGIK WAVs/SERGIK - Nothing to it.wav
SERGIK x Mike Ron - MNWKA.mp3,SERGIK WAVs,MP3,11.54,2024-03-13,/Volumes/SERGIK 2tb2/Exports SERGIK/SERGIK WAVs/SERGIK x Mike Ron - MNWKA.mp3
SERGIK x Mike Ron - MNWKA.wav,SERGIK WAVs,WAV,76.35,2024-03-13,/Volumes/SERGIK 2tb2/Exports SERGIK/SERGIK WAVs/SERGIK x Mike Ron - MNWKA.wav
SERGIK - 24:7 VIP 1.wav,SERGIK WAVs,WAV,51.28,2024-03-25,/Volumes/SERGIK 2tb2/Exports SERGIK/SERGIK WAVs/SERGIK - 24:7 VIP 1.wav
SERGIK x Silent Jay - Numba One.mp3,SERGIK WAVs,MP3,9.52,2024-03-14,/Volumes/SERGIK 2tb2/Exports SERGIK/SERGIK WAVs/SERGIK x Silent Jay - Numba One.mp3
SERGIK x Silent Jay - Numba One.wav,SERGIK WAVs,WAV,62.98,2024-03-14,/Volumes/SERGIK 2tb2/Exports SERGIK/SERGIK WAVs/SERGIK x Silent Jay - Numba One.wav
SERGIK - Celestial Groove.mp3,SERGIK WAVs,MP3,9.76,2024-03-14,/Volumes/SERGIK 2tb2/Exports SERGIK/SERGIK WAVs/SERGIK - Celestial Groove.mp3
SERGIK - Celestial Groove.wav,SERGIK WAVs,WAV,64.57,2024-03-14,/Volumes/SERGIK 2tb2/Exports SERGIK/SERGIK WAVs/SERGIK - Celestial Groove.wav
SERGIK x Stan The Guitarman - Highway 1.mp3,SERGIK WAVs,MP3,9.59,2024-03-14,/Volumes/SERGIK 2tb2/Exports SERGIK/SERGIK WAVs/SERGIK x Stan The Guitarman - Highway 1.mp3
SERGIK x Stan The Guitarman - Highway 1.wav,SERGIK WAVs,WAV,63.45,2024-03-14,/Volumes/SERGIK 2tb2/Exports SERGIK/SERGIK WAVs/SERGIK x Stan The Guitarman - Highway 1.wav
SERGIK x ESHER - Nitrous.mp3,SERGIK WAVs,MP3,13.29,2024-03-15,/Volumes/SERGIK 2tb2/Exports SERGIK/SERGIK WAVs/SERGIK x ESHER - Nitrous.mp3
SERGIK x ESHER - Nitrous.wav,SERGIK WAVs,WAV,87.93,2024-03-15,/Volumes/SERGIK 2tb2/Exports SERGIK/SERGIK WAVs/SERGIK x ESHER - Nitrous.wav
SERGIK - Reverie.mp3,SERGIK WAVs,MP3,9.6,2024-03-15,/Volumes/SERGIK 2tb2/Exports SERGIK/SERGIK WAVs/SERGIK - Reverie.mp3
SERGIK - Reverie.wav,SERGIK WAVs,WAV,63.52,2024-03-15,/Volumes/SERGIK 2tb2/Exports SERGIK/SERGIK WAVs/SERGIK - Reverie.wav
SERGIK x Stan The Guitarman - Interstate 1.mp3,SERGIK WAVs,MP3,9.99,2024-03-15,/Volumes/SERGIK 2tb2/Exports SERGIK/SERGIK WAVs/SERGIK x Stan The Guitarman - Interstate 1.mp3
SERGIK x Stan The Guitarman - Interstate 1.wav,SERGIK WAVs,WAV,66.07,2024-03-15,/Volumes/SERGIK 2tb2/Exports SERGIK/SERGIK WAVs/SERGIK x Stan The Guitarman - Interstate 1.wav
SERGIK x Curiousoul - Midnight Mirage.mp3,SERGIK WAVs,MP3,8.41,2024-03-16,/Volumes/SERGIK 2tb2/Exports SERGIK/SERGIK WAVs/SERGIK x Curiousoul - Midnight Mirage.mp3
SERGIK x Curiousoul - Midnight Mirage.wav,SERGIK WAVs,WAV,55.64,2024-03-16,/Volumes/SERGIK 2tb2/Exports SERGIK/SERGIK WAVs/SERGIK x Curiousoul - Midnight Mirage.wav
SERGIK - Check This Out.mp3,SERGIK WAVs,MP3,10.44,2024-03-16,/Volumes/SERGIK 2tb2/Exports SERGIK/SERGIK WAVs/SERGIK - Check This Out.mp3
SERGIK - Check This Out.wav,SERGIK WAVs,WAV,69.07,2024-03-16,/Volumes/SERGIK 2tb2/Exports SERGIK/SERGIK WAVs/SERGIK - Check This Out.wav
SERIK x Stan The Guitarman - Well Known Treat.mp3,SERGIK WAVs,MP3,10.88,2024-03-23,/Volumes/SERGIK 2tb2/Exports SERGIK/SERGIK WAVs/SERIK x Stan The Guitarman - Well Known Treat.mp3
SERIK x Stan The Guitarman - Well Known Treat.wav,SERGIK WAVs,WAV,71.98,2024-03-23,/Volumes/SERGIK 2tb2/Exports SERGIK/SERGIK WAVs/SERIK x Stan The Guitarman - Well Known Treat.wav
SERGIK - Like The Ol Days.wav,SERGIK WAVs,WAV,52.78,2024-03-23,/Volumes/SERGIK 2tb2/Exports SERGIK/SERGIK WAVs/SERGIK - Like The Ol Days.wav
SERGIK - Like The Ol Days.mp3,SERGIK WAVs,MP3,7.98,2024-03-23,/Volumes/SERGIK 2tb2/Exports SERGIK/SERGIK WAVs/SERGIK - Like The Ol Days.mp3
SERGIK - Like The Ol Days (Bass VIP).mp3,SERGIK WAVs,MP3,7.98,2024-03-23,/Volumes/SERGIK 2tb2/Exports SERGIK/SERGIK WAVs/SERGIK - Like The Ol Days (Bass VIP).mp3
SERGIK - Like The Ol Days (Bass VIP).wav,SERGIK WAVs,WAV,52.78,2024-03-23,/Volumes/SERGIK 2tb2/Exports SERGIK/SERGIK WAVs/SERGIK - Like The Ol Days (Bass VIP).wav
SERGIK - 24:7 VIP 2.wav,SERGIK WAVs,WAV,51.28,2024-03-25,/Volumes/SERGIK 2tb2/Exports SERGIK/SERGIK WAVs/SERGIK - 24:7 VIP 2.wav
SERGIK - Big Macs n Jumbo Jacks.mp3,SERGIK WAVs,MP3,8.68,2024-03-25,/Volumes/SERGIK 2tb2/Exports SERGIK/SERGIK WAVs/SERGIK - Big Macs n Jumbo Jacks.mp3
SERGIK - Big Macs n Jumbo Jacks.wav,SERGIK WAVs,WAV,57.42,2024-03-25,/Volumes/SERGIK 2tb2/Exports SERGIK/SERGIK WAVs/SERGIK - Big Macs n Jumbo Jacks.wav
SERGIK - 24:7 VIP 1.mp3,SERGIK WAVs,MP3,7.75,2024-03-25,/Volumes/SERGIK 2tb2/Exports SERGIK/SERGIK WAVs/SERGIK - 24:7 VIP 1.mp3
SERGIK - 24:7 VIP 2.mp3,SERGIK WAVs,MP3,7.75,2024-03-25,/Volumes/SERGIK 2tb2/Exports SERGIK/SERGIK WAVs/SERGIK - 24:7 VIP 2.mp3
SERGIK - Utopia.mp3,SERGIK WAVs,MP3,7.79,2024-03-26,/Volumes/SERGIK 2tb2/Exports SERGIK/SERGIK WAVs/SERGIK - Utopia.mp3
SERGIK - Utopia.wav,SERGIK WAVs,WAV,51.52,2024-03-26,/Volumes/SERGIK 2tb2/Exports SERGIK/SERGIK WAVs/SERGIK - Utopia.wav
SERGIK - Jahdelicah.mp3,SERGIK WAVs,MP3,10.9,2024-03-28,/Volumes/SERGIK 2tb2/Exports SERGIK/SERGIK WAVs/SERGIK - Jahdelicah.mp3
SERGIK - Jahdelicah.wav,SERGIK WAVs,WAV,72.07,2024-03-28,/Volumes/SERGIK 2tb2/Exports SERGIK/SERGIK WAVs/SERGIK - Jahdelicah.wav
SERGIK - Jahdelicah 1.mp3,SERGIK WAVs,MP3,10.61,2024-03-28,/Volumes/SERGIK 2tb2/Exports SERGIK/SERGIK WAVs/SERGIK - Jahdelicah 1.mp3
SERGIK - Jahdelicah 1.wav,SERGIK WAVs,WAV,70.18,2024-03-28,/Volumes/SERGIK 2tb2/Exports SERGIK/SERGIK WAVs/SERGIK - Jahdelicah 1.wav
SERGIK - Dubonaut.mp3,SERGIK WAVs,MP3,10.13,2024-03-29,/Volumes/SERGIK 2tb2/Exports SERGIK/SERGIK WAVs/SERGIK - Dubonaut.mp3
SERGIK - Dubonaut.wav,SERGIK WAVs,WAV,66.99,2024-03-29,/Volumes/SERGIK 2tb2/Exports SERGIK/SERGIK WAVs/SERGIK - Dubonaut.wav
SERGIK - Man On A Journey.wav,SERGIK WAVs,WAV,65.65,2024-03-30,/Volumes/SERGIK 2tb2/Exports SERGIK/SERGIK WAVs/SERGIK - Man On A Journey.wav
SERGIK - Man On A Journey.mp3,SERGIK WAVs,MP3,9.92,2024-03-30,/Volumes/SERGIK 2tb2/Exports SERGIK/SERGIK WAVs/SERGIK - Man On A Journey.mp3
SERGIK - Needs.mp3,SERGIK WAVs,MP3,10.54,2024-04-04,/Volumes/SERGIK 2tb2/Exports SERGIK/SERGIK WAVs/SERGIK - Needs.mp3
SERGIK - Deep Side The Mood.mp3,SERGIK WAVs,MP3,11.12,2024-03-31,/Volumes/SERGIK 2tb2/Exports SERGIK/SERGIK WAVs/SERGIK - Deep Side The Mood.mp3
SERGIK - Deep Side The Mood.wav,SERGIK WAVs,WAV,73.57,2024-03-31,/Volumes/SERGIK 2tb2/Exports SERGIK/SERGIK WAVs/SERGIK - Deep Side The Mood.wav
SERGIK x AUXLEE - The Conex.mp3,SERGIK WAVs,MP3,12.55,2024-04-01,/Volumes/SERGIK 2tb2/Exports SERGIK/SERGIK WAVs/SERGIK x AUXLEE - The Conex.mp3
SERGIK x AUXLEE - The Conex.wav,SERGIK WAVs,WAV,83.03,2024-04-01,/Volumes/SERGIK 2tb2/Exports SERGIK/SERGIK WAVs/SERGIK x AUXLEE - The Conex.wav
SERGIK - Needs.wav,SERGIK WAVs,WAV,69.69,2024-04-04,/Volumes/SERGIK 2tb2/Exports SERGIK/SERGIK WAVs/SERGIK - Needs.wav
SERGIK - Way Back.mp3,SERGIK WAVs,MP3,10.69,2024-04-05,/Volumes/SERGIK 2tb2/Exports SERGIK/SERGIK WAVs/SERGIK - Way Back.mp3
SERGIK - Way Back.wav,SERGIK WAVs,WAV,70.74,2024-04-05,/Volumes/SERGIK 2tb2/Exports SERGIK/SERGIK WAVs/SERGIK - Way Back.wav
SERGIK - More Than Life.mp3,SERGIK WAVs,MP3,10.71,2024-04-07,/Volumes/SERGIK 2tb2/Exports SERGIK/SERGIK WAVs/SERGIK - More Than Life.mp3
SERGIK - More Than Life.wav,SERGIK WAVs,WAV,70.82,2024-04-07,/Volumes/SERGIK 2tb2/Exports SERGIK/SERGIK WAVs/SERGIK - More Than Life.wav
SERGIK - Pop Musik.mp3,SERGIK WAVs,MP3,9.41,2024-04-07,/Volumes/SERGIK 2tb2/Exports SERGIK/SERGIK WAVs/SERGIK - Pop Musik.mp3
SERGIK - Pop Musik.wav,SERGIK WAVs,WAV,62.26,2024-04-07,/Volumes/SERGIK 2tb2/Exports SERGIK/SERGIK WAVs/SERGIK - Pop Musik.wav
SERGIK - Book of Memories.mp3,SERGIK WAVs,MP3,10.14,2024-04-09,/Volumes/SERGIK 2tb2/Exports SERGIK/SERGIK WAVs/SERGIK - Book of Memories.mp3
SERGIK - Book of Memories.wav,SERGIK WAVs,WAV,67.1,2024-04-09,/Volumes/SERGIK 2tb2/Exports SERGIK/SERGIK WAVs/SERGIK - Book of Memories.wav
SERGIK x Frank Terry - Repeat.mp3,SERGIK WAVs,MP3,11.71,2024-04-18,/Volumes/SERGIK 2tb2/Exports SERGIK/SERGIK WAVs/SERGIK x Frank Terry - Repeat.mp3
SERGIK x Frank Terry - Repeat.wav,SERGIK WAVs,WAV,77.44,2024-04-18,/Volumes/SERGIK 2tb2/Exports SERGIK/SERGIK WAVs/SERGIK x Frank Terry - Repeat.wav
SERGIK - Movin.mp3,SERGIK WAVs,MP3,8.86,2024-04-19,/Volumes/SERGIK 2tb2/Exports SERGIK/SERGIK WAVs/SERGIK - Movin.mp3
SERGIK - Movin.wav,SERGIK WAVs,WAV,58.64,2024-04-19,/Volumes/SERGIK 2tb2/Exports SERGIK/SERGIK WAVs/SERGIK - Movin.wav
SERGIK - I Feel Good.mp3,SERGIK WAVs,MP3,10.09,2024-04-20,/Volumes/SERGIK 2tb2/Exports SERGIK/SERGIK WAVs/SERGIK - I Feel Good.mp3
SERGIK - I Feel Good.wav,SERGIK WAVs,WAV,66.76,2024-04-20,/Volumes/SERGIK 2tb2/Exports SERGIK/SERGIK WAVs/SERGIK - I Feel Good.wav
SERGIK - Rise n Shine.mp3,SERGIK WAVs,MP3,8.21,2024-04-20,/Volumes/SERGIK 2tb2/Exports SERGIK/SERGIK WAVs/SERGIK - Rise n Shine.mp3
SERGIK - Rise n Shine.wav,SERGIK WAVs,WAV,54.32,2024-04-20,/Volumes/SERGIK 2tb2/Exports SERGIK/SERGIK WAVs/SERGIK - Rise n Shine.wav
SERGIK  - Dreamer.mp3,SERGIK WAVs,MP3,6.88,2024-04-22,/Volumes/SERGIK 2tb2/Exports SERGIK/SERGIK WAVs/SERGIK  - Dreamer.mp3
SERGIK  - Dreamer.wav,SERGIK WAVs,WAV,45.53,2024-04-22,/Volumes/SERGIK 2tb2/Exports SERGIK/SERGIK WAVs/SERGIK  - Dreamer.wav
SERGIK x Silent Jay - Soul On Fire.mp3,SERGIK WAVs,MP3,9.6,2024-04-23,/Volumes/SERGIK 2tb2/Exports SERGIK/SERGIK WAVs/SERGIK x Silent Jay - Soul On Fire.mp3
SERGIK x Silent Jay - Soul On Fire.wav,SERGIK WAVs,WAV,63.52,2024-04-23,/Volumes/SERGIK 2tb2/Exports SERGIK/SERGIK WAVs/SERGIK x Silent Jay - Soul On Fire.wav
SERGIK - Subliminal.mp3,SERGIK WAVs,MP3,7.34,2024-04-24,/Volumes/SERGIK 2tb2/Exports SERGIK/SERGIK WAVs/SERGIK - Subliminal.mp3
SERGIK - Subliminal.wav,SERGIK WAVs,WAV,48.58,2024-04-24,/Volumes/SERGIK 2tb2/Exports SERGIK/SERGIK WAVs/SERGIK - Subliminal.wav
SERGIK - Subliminal acid.mp3,SERGIK WAVs,MP3,7.34,2024-04-24,/Volumes/SERGIK 2tb2/Exports SERGIK/SERGIK WAVs/SERGIK - Subliminal acid.mp3
SERGIK - Subliminal acid.wav,SERGIK WAVs,WAV,48.58,2024-04-24,/Volumes/SERGIK 2tb2/Exports SERGIK/SERGIK WAVs/SERGIK - Subliminal acid.wav
SERGIK x Frank Terry - Cozy Cats.mp3,SERGIK WAVs,MP3,10.78,2024-04-25,/Volumes/SERGIK 2tb2/Exports SERGIK/SERGIK WAVs/SERGIK x Frank Terry - Cozy Cats.mp3
SERGIK x Frank Terry - Cozy Cats.wav,SERGIK WAVs,WAV,71.31,2024-04-25,/Volumes/SERGIK 2tb2/Exports SERGIK/SERGIK WAVs/SERGIK x Frank Terry - Cozy Cats.wav
SERGIK - Brooting.mp3,SERGIK WAVs,MP3,8.42,2024-04-27,/Volumes/SERGIK 2tb2/Exports SERGIK/SERGIK WAVs/SERGIK - Brooting.mp3
SERGIK - Brooting.wav,SERGIK WAVs,WAV,55.66,2024-04-27,/Volumes/SERGIK 2tb2/Exports SERGIK/SERGIK WAVs/SERGIK - Brooting.wav
SERGIK x Aloe Flipz - Betta Daze 88bpm.mp3,SERGIK WAVs,MP3,6.68,2024-05-10,/Volumes/SERGIK 2tb2/Exports SERGIK/SERGIK WAVs/SERGIK x Aloe Flipz - Betta Daze 88bpm.mp3
SERGIK x Aloe Flipz - Betta Daze 88bpm.wav,SERGIK WAVs,WAV,44.22,2024-05-10,/Volumes/SERGIK 2tb2/Exports SERGIK/SERGIK WAVs/SERGIK x Aloe Flipz - Betta Daze 88bpm.wav
SERGIK x Aloe Flipz - Broken Problems.mp3,SERGIK WAVs,MP3,7.72,2024-05-10,/Volumes/SERGIK 2tb2/Exports SERGIK/SERGIK WAVs/SERGIK x Aloe Flipz - Broken Problems.mp3
SERGIK x Aloe Flipz - Broken Problems.wav,SERGIK WAVs,WAV,51.05,2024-05-10,/Volumes/SERGIK 2tb2/Exports SERGIK/SERGIK WAVs/SERGIK x Aloe Flipz - Broken Problems.wav
SERGIK x Aloe Flipz - Broken Problems v2.mp3,SERGIK WAVs,MP3,7.59,2024-05-11,/Volumes/SERGIK 2tb2/Exports SERGIK/SERGIK WAVs/SERGIK x Aloe Flipz - Broken Problems v2.mp3
SERGIK x Aloe Flipz - Broken Problems v2.wav,SERGIK WAVs,WAV,50.22,2024-05-11,/Volumes/SERGIK 2tb2/Exports SERGIK/SERGIK WAVs/SERGIK x Aloe Flipz - Broken Problems v2.wav
SERGIK - Back to The Basics.mp3,SERGIK WAVs,MP3,10.93,2024-05-16,/Volumes/SERGIK 2tb2/Exports SERGIK/SERGIK WAVs/SERGIK - Back to The Basics.mp3
SERGIK - Back to The Basics.wav,SERGIK WAVs,WAV,72.28,2024-05-16,/Volumes/SERGIK 2tb2/Exports SERGIK/SERGIK WAVs/SERGIK - Back to The Basics.wav
SERGIK - Sunrise Bass.mp3,SERGIK WAVs,MP3,8.82,2024-05-16,/Volumes/SERGIK 2tb2/Exports SERGIK/SERGIK WAVs/SERGIK - Sunrise Bass.mp3
SERGIK - Sunrise Bass.wav,SERGIK WAVs,WAV,58.32,2024-05-16,/Volumes/SERGIK 2tb2/Exports SERGIK/SERGIK WAVs/SERGIK - Sunrise Bass.wav
SERGIK x Jetski - Alienated.mp3,SERGIK WAVs,MP3,9.45,2024-05-17,/Volumes/SERGIK 2tb2/Exports SERGIK/SERGIK WAVs/SERGIK x Jetski - Alienated.mp3
SERGIK x Jetski - Alienated.wav,SERGIK WAVs,WAV,62.48,2024-05-17,/Volumes/SERGIK 2tb2/Exports SERGIK/SERGIK WAVs/SERGIK x Jetski - Alienated.wav
SERGIK x Bob Secret - The Bag.mp3,SERGIK WAVs,MP3,9.76,2024-05-17,/Volumes/SERGIK 2tb2/Exports SERGIK/SERGIK WAVs/SERGIK x Bob Secret - The Bag.mp3
SERGIK x Bob Secret - The Bag.wav,SERGIK WAVs,WAV,64.57,2024-05-17,/Volumes/SERGIK 2tb2/Exports SERGIK/SERGIK WAVs/SERGIK x Bob Secret - The Bag.wav
SERGIK x Bob Secret - The Bag v2.mp3,SERGIK WAVs,MP3,9.76,2024-05-17,/Volumes/SERGIK 2tb2/Exports SERGIK/SERGIK WAVs/SERGIK x Bob Secret - The Bag v2.mp3
SERGIK x Bob Secret - The Bag v2.wav,SERGIK WAVs,WAV,64.57,2024-05-17,/Volumes/SERGIK 2tb2/Exports SERGIK/SERGIK WAVs/SERGIK x Bob Secret - The Bag v2.wav
SERGIK - In The Moment.mp3,SERGIK WAVs,MP3,8.42,2024-05-18,/Volumes/SERGIK 2tb2/Exports SERGIK/SERGIK WAVs/SERGIK - In The Moment.mp3
SERGIK - In The Moment.wav,SERGIK WAVs,WAV,55.68,2024-05-18,/Volumes/SERGIK 2tb2/Exports SERGIK/SERGIK WAVs/SERGIK - In The Moment.wav
SERGIK - In The Moment V2.wav,SERGIK WAVs,WAV,55.68,2024-05-20,/Volumes/SERGIK 2tb2/Exports SERGIK/SERGIK WAVs/SERGIK - In The Moment V2.wav
SERGIK - High Class.mp3,SERGIK WAVs,MP3,10.46,2024-05-24,/Volumes/SERGIK 2tb2/Exports SERGIK/SERGIK WAVs/SERGIK - High Class.mp3
SERGIK - What u gotta do.mp3,SERGIK WAVs,MP3,9.88,2024-05-20,/Volumes/SERGIK 2tb2/Exports SERGIK/SERGIK WAVs/SERGIK - What u gotta do.mp3
SERGIK - In The Moment V2.mp3,SERGIK WAVs,MP3,8.42,2024-05-20,/Volumes/SERGIK 2tb2/Exports SERGIK/SERGIK WAVs/SERGIK - In The Moment V2.mp3
SERGIK - What u gotta do.wav,SERGIK WAVs,WAV,65.37,2024-05-20,/Volumes/SERGIK 2tb2/Exports SERGIK/SERGIK WAVs/SERGIK - What u gotta do.wav
SERGIK - High Class.wav,SERGIK WAVs,WAV,69.21,2024-05-24,/Volumes/SERGIK 2tb2/Exports SERGIK/SERGIK WAVs/SERGIK - High Class.wav
SERGIK - One Of Those Nights.mp3,SERGIK WAVs,MP3,8.22,2024-05-31,/Volumes/SERGIK 2tb2/Exports SERGIK/SERGIK WAVs/SERGIK - One Of Those Nights.mp3
SERGIK - One Of Those Nights.wav,SERGIK WAVs,WAV,54.36,2024-05-31,/Volumes/SERGIK 2tb2/Exports SERGIK/SERGIK WAVs/SERGIK - One Of Those Nights.wav
SERGIK x Zack Thrasher - Betta.mp3,SERGIK WAVs,MP3,10.03,2024-06-01,/Volumes/SERGIK 2tb2/Exports SERGIK/SERGIK WAVs/SERGIK x Zack Thrasher - Betta.mp3
SERGIK x Zack Thrasher - Betta.wav,SERGIK WAVs,WAV,66.38,2024-06-01,/Volumes/SERGIK 2tb2/Exports SERGIK/SERGIK WAVs/SERGIK x Zack Thrasher - Betta.wav
SERGIK x Zack Thrasher - Betta v2.mp3,SERGIK WAVs,MP3,10.03,2024-06-01,/Volumes/SERGIK 2tb2/Exports SERGIK/SERGIK WAVs/SERGIK x Zack Thrasher - Betta v2.mp3
SERGIK x Zack Thrasher - Betta v2.wav,SERGIK WAVs,WAV,66.38,2024-06-01,/Volumes/SERGIK 2tb2/Exports SERGIK/SERGIK WAVs/SERGIK x Zack Thrasher - Betta v2.wav
SERGIK - Somthn L's.mp3,SERGIK WAVs,MP3,11.44,2024-06-03,/Volumes/SERGIK 2tb2/Exports SERGIK/SERGIK WAVs/SERGIK - Somthn L's.mp3
SERGIK - Somthn L's.wav,SERGIK WAVs,WAV,75.7,2024-06-03,/Volumes/SERGIK 2tb2/Exports SERGIK/SERGIK WAVs/SERGIK - Somthn L's.wav
SERGIK - So Good.mp3,SERGIK WAVs,MP3,10.03,2024-06-08,/Volumes/SERGIK 2tb2/Exports SERGIK/SERGIK WAVs/SERGIK - So Good.mp3
SERGIK - Something Sick.mp3,SERGIK WAVs,MP3,11.29,2024-06-04,/Volumes/SERGIK 2tb2/Exports SERGIK/SERGIK WAVs/SERGIK - Something Sick.mp3
SERGIK - Something Sick.wav,SERGIK WAVs,WAV,74.69,2024-06-04,/Volumes/SERGIK 2tb2/Exports SERGIK/SERGIK WAVs/SERGIK - Something Sick.wav
SERGIK - The Worst.mp3,SERGIK WAVs,MP3,10.46,2024-06-04,/Volumes/SERGIK 2tb2/Exports SERGIK/SERGIK WAVs/SERGIK - The Worst.mp3
SERGIK - The Worst.wav,SERGIK WAVs,WAV,69.21,2024-06-04,/Volumes/SERGIK 2tb2/Exports SERGIK/SERGIK WAVs/SERGIK - The Worst.wav
SERGIK x Deep Chetty- So Good.wav,SERGIK WAVs,WAV,66.38,2024-06-08,/Volumes/SERGIK 2tb2/Exports SERGIK/SERGIK WAVs/SERGIK x Deep Chetty- So Good.wav
SERGIK - Must Be.mp3,SERGIK WAVs,MP3,8.72,2025-08-23,/Volumes/SERGIK 2tb2/Exports SERGIK/SERGIK WAVs/SERGIK - Must Be.mp3
SERGIK x Sean Hart - Madness In The Summer.mp3,SERGIK WAVs,MP3,9.93,2025-06-28,/Volumes/SERGIK 2tb2/Exports SERGIK/SERGIK WAVs/SERGIK x Sean Hart - Madness In The Summer.mp3
SERGIK x Sean Hart - Madness In The Summer.wav,SERGIK WAVs,WAV,65.69,2025-06-28,/Volumes/SERGIK 2tb2/Exports SERGIK/SERGIK WAVs/SERGIK x Sean Hart - Madness In The Summer.wav
SERGIK x Sean Hart - Madness In The Summer 111bpm.mp3,SERGIK WAVs,MP3,10.56,2025-06-28,/Volumes/SERGIK 2tb2/Exports SERGIK/SERGIK WAVs/SERGIK x Sean Hart - Madness In The Summer 111bpm.mp3
SERGIK x Sean Hart - Madness In The Summer 111bpm.wav,SERGIK WAVs,WAV,69.84,2025-06-28,/Volumes/SERGIK 2tb2/Exports SERGIK/SERGIK WAVs/SERGIK x Sean Hart - Madness In The Summer 111bpm.wav
SERGIK x Sean Watson x BeJanis - Make A Wish.mp3,SERGIK WAVs,MP3,9.32,2025-07-01,/Volumes/SERGIK 2tb2/Exports SERGIK/SERGIK WAVs/SERGIK x Sean Watson x BeJanis - Make A Wish.mp3
SERGIK x Sean Watson x BeJanis - Make A Wish.wav,SERGIK WAVs,WAV,61.65,2025-07-01,/Volumes/SERGIK 2tb2/Exports SERGIK/SERGIK WAVs/SERGIK x Sean Watson x BeJanis - Make A Wish.wav
SERGIK - Must Be.wav,SERGIK WAVs,WAV,57.68,2025-08-23,/Volumes/SERGIK 2tb2/Exports SERGIK/SERGIK WAVs/SERGIK - Must Be.wav
SERGIK - Dont Go.mp3,SERGIK WAVs,MP3,9.96,2025-08-24,/Volumes/SERGIK 2tb2/Exports SERGIK/SERGIK WAVs/SERGIK - Dont Go.mp3
SERGIK - Dont Go.wav,SERGIK WAVs,WAV,65.89,2025-08-24,/Volumes/SERGIK 2tb2/Exports SERGIK/SERGIK WAVs/SERGIK - Dont Go.wav
SERGIK - Divine.mp3,SERGIK WAVs,MP3,7.56,2025-10-24,/Volumes/SERGIK 2tb2/Exports SERGIK/SERGIK WAVs/SERGIK - Divine.mp3
SERGIK - Divine.wav,SERGIK WAVs,WAV,50.01,2025-10-24,/Volumes/SERGIK 2tb2/Exports SERGIK/SERGIK WAVs/SERGIK - Divine.wav
SERGIK - Yeeah Bwoy.mp3,SERGIK WAVs,MP3,10.61,2025-10-25,/Volumes/SERGIK 2tb2/Exports SERGIK/SERGIK WAVs/SERGIK - Yeeah Bwoy.mp3
SERGIK - Yeeah Bwoy.wav,SERGIK WAVs,WAV,70.18,2025-10-25,/Volumes/SERGIK 2tb2/Exports SERGIK/SERGIK WAVs/SERGIK - Yeeah Bwoy.wav
SERGIK x Bone - Motion.mp3,SERGIK WAVs,MP3,5.23,2025-10-31,/Volumes/SERGIK 2tb2/Exports SERGIK/SERGIK WAVs/SERGIK x Bone - Motion.mp3
SERGIK x Bone - Motion.wav,SERGIK WAVs,WAV,34.61,2025-10-31,/Volumes/SERGIK 2tb2/Exports SERGIK/SERGIK WAVs/SERGIK x Bone - Motion.wav
SERGIK -steppin 2  janis. sean.mp3,SERGIK WAVs,MP3,11.17,2025-11-01,/Volumes/SERGIK 2tb2/Exports SERGIK/SERGIK WAVs/SERGIK -steppin 2  janis. sean.mp3
SERGIK -steppin 2  janis. sean.wav,SERGIK WAVs,WAV,73.91,2025-11-01,/Volumes/SERGIK 2tb2/Exports SERGIK/SERGIK WAVs/SERGIK -steppin 2  janis. sean.wav
SERGIK x Sean H x Be.Janis - Steppin .mp3,SERGIK WAVs,MP3,11.79,2025-11-01,/Volumes/SERGIK 2tb2/Exports SERGIK/SERGIK WAVs/SERGIK x Sean H x Be.Janis - Steppin .mp3
SERGIK x Sean H x Be.Janis - Steppin .wav,SERGIK WAVs,WAV,78.01,2025-11-01,/Volumes/SERGIK 2tb2/Exports SERGIK/SERGIK WAVs/SERGIK x Sean H x Be.Janis - Steppin .wav
SERGIK - Bitty Bong Dub.mp3,SERGIK WAVs,MP3,9.89,2025-11-03,/Volumes/SERGIK 2tb2/Exports SERGIK/SERGIK WAVs/SERGIK - Bitty Bong Dub.mp3
SERGIK - Bitty Bong Dub.wav,SERGIK WAVs,WAV,65.41,2025-11-03,/Volumes/SERGIK 2tb2/Exports SERGIK/SERGIK WAVs/SERGIK - Bitty Bong Dub.wav
SERGIK x Sean H x BeJanis - I Feel It.mp3,SERGIK WAVs,MP3,8.48,2025-11-14,/Volumes/SERGIK 2tb2/Exports SERGIK/SERGIK WAVs/SERGIK x Sean H x BeJanis - I Feel It.mp3
SERGIK x Sean H x BeJanis - I Feel It.wav,SERGIK WAVs,WAV,56.09,2025-11-14,/Volumes/SERGIK 2tb2/Exports SERGIK/SERGIK WAVs/SERGIK x Sean H x BeJanis - I Feel It.wav
SERGIK - Tryna Get It.wav,SERGIK WAVs,WAV,69.21,2025-11-15,/Volumes/SERGIK 2tb2/Exports SERGIK/SERGIK WAVs/SERGIK - Tryna Get It.wav
SERGIK - Tryna Get It.mp3,SERGIK WAVs,MP3,10.46,2025-11-15,/Volumes/SERGIK 2tb2/Exports SERGIK/SERGIK WAVs/SERGIK - Tryna Get It.mp3
SERGIK - Get It ViP2.wav,SERGIK WAVs,WAV,70.18,2025-11-18,/Volumes/SERGIK 2tb2/Exports SERGIK/SERGIK WAVs/SERGIK - Get It ViP2.wav
SERGIK - Get It ViP2.mp3,SERGIK WAVs,MP3,10.61,2025-11-18,/Volumes/SERGIK 2tb2/Exports SERGIK/SERGIK WAVs/SERGIK - Get It ViP2.mp3
SERGIK x Andino - Alboroto.wav,SERGIK WAVs,WAV,74.02,2025-11-19,/Volumes/SERGIK 2tb2/Exports SERGIK/SERGIK WAVs/SERGIK x Andino - Alboroto.wav
SERGIK x Breauxx - Move Me : Dance With Me.mp3,SERGIK WAVs,MP3,11.39,2025-11-18,/Volumes/SERGIK 2tb2/Exports SERGIK/SERGIK WAVs/SERGIK x Breauxx - Move Me : Dance With Me.mp3
SERGIK x Breauxx - Move Me : Dance With Me.wav,SERGIK WAVs,WAV,75.33,2025-11-18,/Volumes/SERGIK 2tb2/Exports SERGIK/SERGIK WAVs/SERGIK x Breauxx - Move Me : Dance With Me.wav
SERGIK x Breauxx - Move Me : Dance With Me2.mp3,SERGIK WAVs,MP3,11.12,2025-11-18,/Volumes/SERGIK 2tb2/Exports SERGIK/SERGIK WAVs/SERGIK x Breauxx - Move Me : Dance With Me2.mp3
SERGIK x Breauxx - Move Me : Dance With Me2.wav,SERGIK WAVs,WAV,73.54,2025-11-18,/Volumes/SERGIK 2tb2/Exports SERGIK/SERGIK WAVs/SERGIK x Breauxx - Move Me : Dance With Me2.wav
SERGIK x Andino - Alboroto.mp3,SERGIK WAVs,MP3,11.19,2025-11-19,/Volumes/SERGIK 2tb2/Exports SERGIK/SERGIK WAVs/SERGIK x Andino - Alboroto.mp3
SERGIK x Breauxx - Come Correct.mp3,SERGIK WAVs,MP3,9.88,2025-11-19,/Volumes/SERGIK 2tb2/Exports SERGIK/SERGIK WAVs/SERGIK x Breauxx - Come Correct.mp3
SERGIK x Breauxx - Come Correct.wav,SERGIK WAVs,WAV,65.37,2025-11-19,/Volumes/SERGIK 2tb2/Exports SERGIK/SERGIK WAVs/SERGIK x Breauxx - Come Correct.wav
Andino x Segik La Selva.mp3,SERGIK WAVs,MP3,14.53,2025-11-20,/Volumes/SERGIK 2tb2/Exports SERGIK/SERGIK WAVs/Andino x Segik La Selva.mp3
Andino x Segik La Selva.wav,SERGIK WAVs,WAV,96.13,2025-11-20,/Volumes/SERGIK 2tb2/Exports SERGIK/SERGIK WAVs/Andino x Segik La Selva.wav
LA MESA - JANIS DEMO.mp3,SERGIK WAVs,MP3,14.53,2025-11-28,/Volumes/SERGIK 2tb2/Exports SERGIK/SERGIK WAVs/LA MESA - JANIS DEMO.mp3
LA MESA - JANIS DEMO.wav,SERGIK WAVs,WAV,96.13,2025-11-28,/Volumes/SERGIK 2tb2/Exports SERGIK/SERGIK WAVs/LA MESA - JANIS DEMO.wav
ANDINO x SERG - Corre JANIS ROUGH 1.mp3,SERGIK WAVs,MP3,14.53,2025-12-01,/Volumes/SERGIK 2tb2/Exports SERGIK/SERGIK WAVs/ANDINO x SERG - Corre JANIS ROUGH 1.mp3
ANDINO x SERG - Corre JANIS ROUGH 1.wav,SERGIK WAVs,WAV,96.13,2025-12-01,/Volumes/SERGIK 2tb2/Exports SERGIK/SERGIK WAVs/ANDINO x SERG - Corre JANIS ROUGH 1.wav
ANDINO - La Mesa SEGIK JANIS ROUGH 1.mp3,SERGIK WAVs,MP3,14.53,2025-12-02,/Volumes/SERGIK 2tb2/Exports SERGIK/SERGIK WAVs/ANDINO - La Mesa SEGIK JANIS ROUGH 1.mp3
ANDINO - La Mesa SEGIK JANIS ROUGH 1.wav,SERGIK WAVs,WAV,96.13,2025-12-02,/Volumes/SERGIK 2tb2/Exports SERGIK/SERGIK WAVs/ANDINO - La Mesa SEGIK JANIS ROUGH 1.wav
SERGIK - Salute.wav,SERGIK WAVs,WAV,70.18,2025-12-02,/Volumes/SERGIK 2tb2/Exports SERGIK/SERGIK WAVs/SERGIK - Salute.wav
SERGIK - Salute.mp3,SERGIK WAVs,MP3,10.61,2025-12-02,/Volumes/SERGIK 2tb2/Exports SERGIK/SERGIK WAVs/SERGIK - Salute.mp3
SERGIK x Breauxx - Walk Dat Walk.mp3,SERGIK WAVs,MP3,7.03,2025-12-04,/Volumes/SERGIK 2tb2/Exports SERGIK/SERGIK WAVs/SERGIK x Breauxx - Walk Dat Walk.mp3
SERGIK x Breauxx - Walk Dat Walk.wav,SERGIK WAVs,WAV,46.51,2025-12-04,/Volumes/SERGIK 2tb2/Exports SERGIK/SERGIK WAVs/SERGIK x Breauxx - Walk Dat Walk.wav
SERGIK - Upside Down.mp3,SERGIK WAVs,MP3,7.09,2025-12-11,/Volumes/SERGIK 2tb2/Exports SERGIK/SERGIK WAVs/SERGIK - Upside Down.mp3
SERGIK x Breauxx - Walk Dat Walk2.mp3,SERGIK WAVs,MP3,8.28,2025-12-04,/Volumes/SERGIK 2tb2/Exports SERGIK/SERGIK WAVs/SERGIK x Breauxx - Walk Dat Walk2.mp3
SERGIK x Breauxx - Walk Dat Walk2.wav,SERGIK WAVs,WAV,54.79,2025-12-04,/Volumes/SERGIK 2tb2/Exports SERGIK/SERGIK WAVs/SERGIK x Breauxx - Walk Dat Walk2.wav
SERGIK x Slick Floyd - Listen Up.mp3,SERGIK WAVs,MP3,9.3,2025-12-06,/Volumes/SERGIK 2tb2/Exports SERGIK/SERGIK WAVs/SERGIK x Slick Floyd - Listen Up.mp3
SERGIK x Slick Floyd - Listen Up.wav,SERGIK WAVs,WAV,61.51,2025-12-06,/Volumes/SERGIK 2tb2/Exports SERGIK/SERGIK WAVs/SERGIK x Slick Floyd - Listen Up.wav
SERGIK - Upside Down.wav,SERGIK WAVs,WAV,46.89,2025-12-11,/Volumes/SERGIK 2tb2/Exports SERGIK/SERGIK WAVs/SERGIK - Upside Down.wav
SERGIK - Yee Bwoyyy.wav,SERGIK WAVs,WAV,46.78,2025-10-25,/Volumes/SERGIK 2tb2/Exports SERGIK/SERGIK WAVs/SERGIK - Yee Bwoyyy.wav.download/SERGIK - Yee Bwoyyy.wav
ANDINO x SERGIK -  ELROW .mp3,SERGIK MP3s,MP3,15.0,2023-03-22,/Volumes/SERGIK 2tb2/Exports SERGIK/SERGIK MP3s/ANDINO x SERGIK -  ELROW .mp3
ANDINO x SERGIK -  ELROW 1.mp3,SERGIK MP3s,MP3,15.0,2023-03-23,/Volumes/SERGIK 2tb2/Exports SERGIK/SERGIK MP3s/ANDINO x SERGIK -  ELROW 1.mp3
baked turkey.mp3,SERGIK MP3s,MP3,6.31,2019-02-01,/Volumes/SERGIK 2tb2/Exports SERGIK/SERGIK MP3s/baked turkey.mp3
Barrio Bros - Bloops.mp3,SERGIK MP3s,MP3,9.37,2023-03-24,/Volumes/SERGIK 2tb2/Exports SERGIK/SERGIK MP3s/Barrio Bros - Bloops.mp3
C MAJOR W BATTLO.mp3,SERGIK MP3s,MP3,6.42,2022-04-04,/Volumes/SERGIK 2tb2/Exports SERGIK/SERGIK MP3s/C MAJOR W BATTLO.mp3
Ceemoar x Sergik - No Body.mp3,SERGIK MP3s,MP3,8.34,2023-04-04,/Volumes/SERGIK 2tb2/Exports SERGIK/SERGIK MP3s/Ceemoar x Sergik - No Body.mp3
Chasing the sun to Tokyo.mp3,SERGIK MP3s,MP3,6.34,2019-03-12,/Volumes/SERGIK 2tb2/Exports SERGIK/SERGIK MP3s/Chasing the sun to Tokyo.mp3
DINO x SERGIK - MEXICAN CHEETOS.mp3,SERGIK MP3s,MP3,9.88,2023-03-22,/Volumes/SERGIK 2tb2/Exports SERGIK/SERGIK MP3s/DINO x SERGIK - MEXICAN CHEETOS.mp3
DINO x SERGIK - MINIMAL .mp3,SERGIK MP3s,MP3,9.44,2023-03-22,/Volumes/SERGIK 2tb2/Exports SERGIK/SERGIK MP3s/DINO x SERGIK - MINIMAL .mp3
Lucy Lights.mp3,SERGIK MP3s,MP3,6.64,2019-02-23,/Volumes/SERGIK 2tb2/Exports SERGIK/SERGIK MP3s/Lucy Lights.mp3
Realm Transfer.mp3,SERGIK MP3s,MP3,8.14,2021-07-26,/Volumes/SERGIK 2tb2/Exports SERGIK/SERGIK MP3s/Realm Transfer.mp3
SERGIK - 6 Hours In.mp3,SERGIK MP3s,MP3,8.86,2022-03-04,/Volumes/SERGIK 2tb2/Exports SERGIK/SERGIK MP3s/SERGIK - 6 Hours In.mp3
Sergik - 90s Baby.mp3,SERGIK MP3s,MP3,8.55,2021-11-03,/Volumes/SERGIK 2tb2/Exports SERGIK/SERGIK MP3s/Sergik - 90s Baby.mp3
SERGIK - Abduction.mp3,SERGIK MP3s,MP3,8.79,2022-02-07,/Volumes/SERGIK 2tb2/Exports SERGIK/SERGIK MP3s/SERGIK - Abduction.mp3
SERGIK - Aha.mp3,SERGIK MP3s,MP3,10.12,2023-03-30,/Volumes/SERGIK 2tb2/Exports SERGIK/SERGIK MP3s/SERGIK - Aha.mp3
SERGIK - All My Ladies ft. Nessa.mp3,SERGIK MP3s,MP3,8.43,2022-03-04,/Volumes/SERGIK 2tb2/Exports SERGIK/SERGIK MP3s/SERGIK - All My Ladies ft. Nessa.mp3
SERGIK - Astro Spore.mp3,SERGIK MP3s,MP3,10.06,2021-12-04,/Volumes/SERGIK 2tb2/Exports SERGIK/SERGIK MP3s/SERGIK - Astro Spore.mp3
SERGIK - Atlantis.mp3,SERGIK MP3s,MP3,4.66,2021-09-21,/Volumes/SERGIK 2tb2/Exports SERGIK/SERGIK MP3s/SERGIK - Atlantis.mp3
SERGIK - Back Around.mp3,SERGIK MP3s,MP3,8.94,2022-05-21,/Volumes/SERGIK 2tb2/Exports SERGIK/SERGIK MP3s/SERGIK - Back Around.mp3
SERGIK - Bad Decisions.mp3,SERGIK MP3s,MP3,8.2,2022-03-04,/Volumes/SERGIK 2tb2/Exports SERGIK/SERGIK MP3s/SERGIK - Bad Decisions.mp3
SERGIK - Bass Bunker.mp3,SERGIK MP3s,MP3,8.46,2022-04-13,/Volumes/SERGIK 2tb2/Exports SERGIK/SERGIK MP3s/SERGIK - Bass Bunker.mp3
SERGIK - Be FreeNDaMind.mp3,SERGIK MP3s,MP3,8.36,2022-12-22,/Volumes/SERGIK 2tb2/Exports SERGIK/SERGIK MP3s/SERGIK - Be FreeNDaMind.mp3
SERGIK - Bender.mp3,SERGIK MP3s,MP3,9.3,2022-03-04,/Volumes/SERGIK 2tb2/Exports SERGIK/SERGIK MP3s/SERGIK - Bender.mp3
SERGIK - Birth of a planet.mp3,SERGIK MP3s,MP3,8.54,2021-09-27,/Volumes/SERGIK 2tb2/Exports SERGIK/SERGIK MP3s/SERGIK - Birth of a planet.mp3
Sergik - Bloops n Kats.mp3,SERGIK MP3s,MP3,7.18,2022-06-18,/Volumes/SERGIK 2tb2/Exports SERGIK/SERGIK MP3s/Sergik - Bloops n Kats.mp3
SERGIK - Bombaclat.mp3,SERGIK MP3s,MP3,3.88,2023-06-03,/Volumes/SERGIK 2tb2/Exports SERGIK/SERGIK MP3s/SERGIK - Bombaclat.mp3
SERGIK - Boomers.mp3,SERGIK MP3s,MP3,6.6,2021-12-02,/Volumes/SERGIK 2tb2/Exports SERGIK/SERGIK MP3s/SERGIK - Boomers.mp3
SERGIK - Bouncy Bop.mp3,SERGIK MP3s,MP3,8.27,2021-10-05,/Volumes/SERGIK 2tb2/Exports SERGIK/SERGIK MP3s/SERGIK - Bouncy Bop.mp3
SERGIK - Bye Spring (hip Hop).mp3,SERGIK MP3s,MP3,6.74,2022-04-08,/Volumes/SERGIK 2tb2/Exports SERGIK/SERGIK MP3s/SERGIK - Bye Spring (hip Hop).mp3
SERGIK - Came to get Lit.mp3,SERGIK MP3s,MP3,9.3,2022-03-04,/Volumes/SERGIK 2tb2/Exports SERGIK/SERGIK MP3s/SERGIK - Came to get Lit.mp3
SERGIK - Can't You See.mp3,SERGIK MP3s,MP3,9.3,2022-12-20,/Volumes/SERGIK 2tb2/Exports SERGIK/SERGIK MP3s/SERGIK - Can't You See.mp3
SERGIK - Cant Kill My Vibe.mp3,SERGIK MP3s,MP3,9.37,2022-12-20,/Volumes/SERGIK 2tb2/Exports SERGIK/SERGIK MP3s/SERGIK - Cant Kill My Vibe.mp3
SERGIK - Chasing the sun to Tokyo (Mastered).mp3,SERGIK MP3s,MP3,6.34,2021-08-07,/Volumes/SERGIK 2tb2/Exports SERGIK/SERGIK MP3s/SERGIK - Chasing the sun to Tokyo (Mastered).mp3
SERGIK - City Control.mp3,SERGIK MP3s,MP3,8.64,2022-05-29,/Volumes/SERGIK 2tb2/Exports SERGIK/SERGIK MP3s/SERGIK - City Control.mp3
SERGIK - Containment Breach.mp3,SERGIK MP3s,MP3,9.02,2022-05-13,/Volumes/SERGIK 2tb2/Exports SERGIK/SERGIK MP3s/SERGIK - Containment Breach.mp3
SERGIK - Cosmos.mp3,SERGIK MP3s,MP3,8.86,2022-08-10,/Volumes/SERGIK 2tb2/Exports SERGIK/SERGIK MP3s/SERGIK - Cosmos.mp3
SERGIK - Creature Hrs.mp3,SERGIK MP3s,MP3,8.86,2022-06-19,/Volumes/SERGIK 2tb2/Exports SERGIK/SERGIK MP3s/SERGIK - Creature Hrs.mp3
SERGIK - Creekside.mp3,SERGIK MP3s,MP3,9.23,2022-08-22,/Volumes/SERGIK 2tb2/Exports SERGIK/SERGIK MP3s/SERGIK - Creekside.mp3
Sergik - Desert Dweller.mp3,SERGIK MP3s,MP3,8.69,2021-12-14,/Volumes/SERGIK 2tb2/Exports SERGIK/SERGIK MP3s/Sergik - Desert Dweller.mp3
SERGIK - Digitality.mp3,SERGIK MP3s,MP3,7.44,2022-12-21,/Volumes/SERGIK 2tb2/Exports SERGIK/SERGIK MP3s/SERGIK - Digitality.mp3
SERGIK - Disco 82.mp3,SERGIK MP3s,MP3,8.34,2022-05-28,/Volumes/SERGIK 2tb2/Exports SERGIK/SERGIK MP3s/SERGIK - Disco 82.mp3
SERGIK - Discodellic.mp3,SERGIK MP3s,MP3,9.45,2023-02-07,/Volumes/SERGIK 2tb2/Exports SERGIK/SERGIK MP3s/SERGIK - Discodellic.mp3
SERGIK - Divine Molecules.mp3,SERGIK MP3s,MP3,9.08,2022-12-22,/Volumes/SERGIK 2tb2/Exports SERGIK/SERGIK MP3s/SERGIK - Divine Molecules.mp3
SERGIK - Do My Thang.mp3,SERGIK MP3s,MP3,9.01,2022-04-14,/Volumes/SERGIK 2tb2/Exports SERGIK/SERGIK MP3s/SERGIK - Do My Thang.mp3
Sergik - Do You.mp3,SERGIK MP3s,MP3,7.76,2021-09-09,/Volumes/SERGIK 2tb2/Exports SERGIK/SERGIK MP3s/Sergik - Do You.mp3
Sergik - Doses.2.mp3,SERGIK MP3s,MP3,9.96,2021-11-23,/Volumes/SERGIK 2tb2/Exports SERGIK/SERGIK MP3s/Sergik - Doses.2.mp3
Sergik - Doses.mp3,SERGIK MP3s,MP3,10.03,2021-11-14,/Volumes/SERGIK 2tb2/Exports SERGIK/SERGIK MP3s/Sergik - Doses.mp3
SERGIK - Double D's.mp3,SERGIK MP3s,MP3,9.52,2022-12-16,/Volumes/SERGIK 2tb2/Exports SERGIK/SERGIK MP3s/SERGIK - Double D's.mp3
SERGIK - Drunk n UFO'n.mp3,SERGIK MP3s,MP3,8.21,2022-05-13,/Volumes/SERGIK 2tb2/Exports SERGIK/SERGIK MP3s/SERGIK - Drunk n UFO'n.mp3
SERGIK - Dumb.mp3,SERGIK MP3s,MP3,8.2,2021-09-09,/Volumes/SERGIK 2tb2/Exports SERGIK/SERGIK MP3s/SERGIK - Dumb.mp3
SERGIK - Early Morning.mp3,SERGIK MP3s,MP3,9.01,2022-07-22,/Volumes/SERGIK 2tb2/Exports SERGIK/SERGIK MP3s/SERGIK - Early Morning.mp3
SERGIK - Everlast.mp3,SERGIK MP3s,MP3,9.92,2022-06-17,/Volumes/SERGIK 2tb2/Exports SERGIK/SERGIK MP3s/SERGIK - Everlast.mp3
SERGIK - Fall Back.mp3,SERGIK MP3s,MP3,8.79,2022-02-20,/Volumes/SERGIK 2tb2/Exports SERGIK/SERGIK MP3s/SERGIK - Fall Back.mp3
SERGIK - Fall Leafs.mp3,SERGIK MP3s,MP3,5.97,2021-09-22,/Volumes/SERGIK 2tb2/Exports SERGIK/SERGIK MP3s/SERGIK - Fall Leafs.mp3
SERGIK - Feeling Lit .mp3,SERGIK MP3s,MP3,7.69,2022-09-02,/Volumes/SERGIK 2tb2/Exports SERGIK/SERGIK MP3s/SERGIK - Feeling Lit .mp3
SERGIK - Feeling Lit.mp3,SERGIK MP3s,MP3,7.62,2022-03-04,/Volumes/SERGIK 2tb2/Exports SERGIK/SERGIK MP3s/SERGIK - Feeling Lit.mp3
SERGIK - Floatin.mp3,SERGIK MP3s,MP3,10.28,2023-05-09,/Volumes/SERGIK 2tb2/Exports SERGIK/SERGIK MP3s/SERGIK - Floatin.mp3
SERGIK - Freaks n Beats.mp3,SERGIK MP3s,MP3,8.79,2022-03-15,/Volumes/SERGIK 2tb2/Exports SERGIK/SERGIK MP3s/SERGIK - Freaks n Beats.mp3
Sergik - Freaky Up In Here.mp3,SERGIK MP3s,MP3,8.61,2021-08-27,/Volumes/SERGIK 2tb2/Exports SERGIK/SERGIK MP3s/Sergik - Freaky Up In Here.mp3
SERGIK - Frequency.mp3,SERGIK MP3s,MP3,10.94,2022-05-16,/Volumes/SERGIK 2tb2/Exports SERGIK/SERGIK MP3s/SERGIK - Frequency.mp3
SERGIK - Fxck it.mp3,SERGIK MP3s,MP3,9.52,2023-03-30,/Volumes/SERGIK 2tb2/Exports SERGIK/SERGIK MP3s/SERGIK - Fxck it.mp3
SERGIK - Get it Poppn.mp3,SERGIK MP3s,MP3,8.28,2023-02-23,/Volumes/SERGIK 2tb2/Exports SERGIK/SERGIK MP3s/SERGIK - Get it Poppn.mp3
SERGIK - GET ON MY VIBE.2.mp3,SERGIK MP3s,MP3,9.0,2021-12-27,/Volumes/SERGIK 2tb2/Exports SERGIK/SERGIK MP3s/SERGIK - GET ON MY VIBE.2.mp3
SERGIK - GET ON MY VIBE.mp3,SERGIK MP3s,MP3,9.0,2021-09-09,/Volumes/SERGIK 2tb2/Exports SERGIK/SERGIK MP3s/SERGIK - GET ON MY VIBE.mp3
SERGIK - Gone Floating.mp3,SERGIK MP3s,MP3,11.9,2022-12-20,/Volumes/SERGIK 2tb2/Exports SERGIK/SERGIK MP3s/SERGIK - Gone Floating.mp3
SERGIK - Groove Junkie.mp3,SERGIK MP3s,MP3,9.3,2023-03-22,/Volumes/SERGIK 2tb2/Exports SERGIK/SERGIK MP3s/SERGIK - Groove Junkie.mp3
Sergik - Hard to Love.mp3,SERGIK MP3s,MP3,7.32,2021-12-12,/Volumes/SERGIK 2tb2/Exports SERGIK/SERGIK MP3s/Sergik - Hard to Love.mp3
SERGIK - Have To Dance.mp3,SERGIK MP3s,MP3,9.67,2022-07-14,/Volumes/SERGIK 2tb2/Exports SERGIK/SERGIK MP3s/SERGIK - Have To Dance.mp3
SERGIK - Hold Me Down.mp3,SERGIK MP3s,MP3,10.24,2022-05-06,/Volumes/SERGIK 2tb2/Exports SERGIK/SERGIK MP3s/SERGIK - Hold Me Down.mp3
SERGIK - HUSTLE.mp3,SERGIK MP3s,MP3,8.79,2021-10-08,/Volumes/SERGIK 2tb2/Exports SERGIK/SERGIK MP3s/SERGIK - HUSTLE.mp3
Sergik - I Could.mp3,SERGIK MP3s,MP3,5.43,2021-11-26,/Volumes/SERGIK 2tb2/Exports SERGIK/SERGIK MP3s/Sergik - I Could.mp3
SERGIK - I Like the way.mp3,SERGIK MP3s,MP3,7.8,2021-09-09,/Volumes/SERGIK 2tb2/Exports SERGIK/SERGIK MP3s/SERGIK - I Like the way.mp3
Sergik - Its On till Dawn .mp3,SERGIK MP3s,MP3,10.7,2022-03-04,/Volumes/SERGIK 2tb2/Exports SERGIK/SERGIK MP3s/Sergik - Its On till Dawn .mp3
SERGIK - Juiced Up.mp3,SERGIK MP3s,MP3,9.59,2022-11-19,/Volumes/SERGIK 2tb2/Exports SERGIK/SERGIK MP3s/SERGIK - Juiced Up.mp3
Sergik - Kittymean.mp3,SERGIK MP3s,MP3,8.86,2021-11-04,/Volumes/SERGIK 2tb2/Exports SERGIK/SERGIK MP3s/Sergik - Kittymean.mp3
SERGIK - Kouch Potato.mp3,SERGIK MP3s,MP3,1.18,2022-03-03,/Volumes/SERGIK 2tb2/Exports SERGIK/SERGIK MP3s/SERGIK - Kouch Potato.mp3
SERGIK - Last Night?.mp3,SERGIK MP3s,MP3,8.28,2022-04-08,/Volumes/SERGIK 2tb2/Exports SERGIK/SERGIK MP3s/SERGIK - Last Night?.mp3
SERGIK - Let the music.mp3,SERGIK MP3s,MP3,1.83,2021-09-23,/Volumes/SERGIK 2tb2/Exports SERGIK/SERGIK MP3s/SERGIK - Let the music.mp3
SERGIK - Leveled.mp3,SERGIK MP3s,MP3,7.87,2021-09-21,/Volumes/SERGIK 2tb2/Exports SERGIK/SERGIK MP3s/SERGIK - Leveled.mp3
SERGIK - Lose Yourself.mp3,SERGIK MP3s,MP3,7.76,2022-03-19,/Volumes/SERGIK 2tb2/Exports SERGIK/SERGIK MP3s/SERGIK - Lose Yourself.mp3
SERGIK - Losing Control.mp3,SERGIK MP3s,MP3,8.57,2022-12-20,/Volumes/SERGIK 2tb2/Exports SERGIK/SERGIK MP3s/SERGIK - Losing Control.mp3
SERGIK - Lunar Gravity.mp3,SERGIK MP3s,MP3,9.68,2022-05-27,/Volumes/SERGIK 2tb2/Exports SERGIK/SERGIK MP3s/SERGIK - Lunar Gravity.mp3
SERGIK - Mind Rollercoaster.mp3,SERGIK MP3s,MP3,9.52,2022-02-06,/Volumes/SERGIK 2tb2/Exports SERGIK/SERGIK MP3s/SERGIK - Mind Rollercoaster.mp3
SERGIK - Motions.mp3,SERGIK MP3s,MP3,6.01,2021-08-28,/Volumes/SERGIK 2tb2/Exports SERGIK/SERGIK MP3s/SERGIK - Motions.mp3
Sergik - Music is my drug.mp3,SERGIK MP3s,MP3,8.94,2022-05-24,/Volumes/SERGIK 2tb2/Exports SERGIK/SERGIK MP3s/Sergik - Music is my drug.mp3
SERGIK - Never Hold Back.mp3,SERGIK MP3s,MP3,9.59,2022-03-04,/Volumes/SERGIK 2tb2/Exports SERGIK/SERGIK MP3s/SERGIK - Never Hold Back.mp3
SERGIK - Nimbus Ride.mp3,SERGIK MP3s,MP3,9.92,2022-03-19,/Volumes/SERGIK 2tb2/Exports SERGIK/SERGIK MP3s/SERGIK - Nimbus Ride.mp3
SERGIK - No Fvcks Left.mp3,SERGIK MP3s,MP3,8.72,2022-05-13,/Volumes/SERGIK 2tb2/Exports SERGIK/SERGIK MP3s/SERGIK - No Fvcks Left.mp3
SERGIK - On Slack.mp3,SERGIK MP3s,MP3,6.87,2023-05-05,/Volumes/SERGIK 2tb2/Exports SERGIK/SERGIK MP3s/SERGIK - On Slack.mp3
SERGIK - On the Go.mp3,SERGIK MP3s,MP3,6.34,2022-12-15,/Volumes/SERGIK 2tb2/Exports SERGIK/SERGIK MP3s/SERGIK - On the Go.mp3
SERGIK - Ooh I Like That.mp3,SERGIK MP3s,MP3,10.78,2022-08-10,/Volumes/SERGIK 2tb2/Exports SERGIK/SERGIK MP3s/SERGIK - Ooh I Like That.mp3
SERGIK - Oooh Ah Eee.mp3,SERGIK MP3s,MP3,8.27,2022-03-24,/Volumes/SERGIK 2tb2/Exports SERGIK/SERGIK MP3s/SERGIK - Oooh Ah Eee.mp3
SERGIK - Oye Mami.mp3,SERGIK MP3s,MP3,9.67,2022-06-24,/Volumes/SERGIK 2tb2/Exports SERGIK/SERGIK MP3s/SERGIK - Oye Mami.mp3
SERGIK - Party People.mp3,SERGIK MP3s,MP3,9.23,2023-03-14,/Volumes/SERGIK 2tb2/Exports SERGIK/SERGIK MP3s/SERGIK - Party People.mp3
SERGIK - Peer Pressure.mp3,SERGIK MP3s,MP3,9.52,2022-04-08,/Volumes/SERGIK 2tb2/Exports SERGIK/SERGIK MP3s/SERGIK - Peer Pressure.mp3
SERGIK - Rabbit hole.mp3,SERGIK MP3s,MP3,7.09,2021-11-28,/Volumes/SERGIK 2tb2/Exports SERGIK/SERGIK MP3s/SERGIK - Rabbit hole.mp3
SERGIK - Radiowave Contact.mp3,SERGIK MP3s,MP3,9.38,2022-06-10,/Volumes/SERGIK 2tb2/Exports SERGIK/SERGIK MP3s/SERGIK - Radiowave Contact.mp3
SERGIK - Rooftop Sunsets.mp3,SERGIK MP3s,MP3,10.09,2022-06-25,/Volumes/SERGIK 2tb2/Exports SERGIK/SERGIK MP3s/SERGIK - Rooftop Sunsets.mp3
SERGIK - Roundabout No Exit.mp3,SERGIK MP3s,MP3,8.43,2022-04-23,/Volumes/SERGIK 2tb2/Exports SERGIK/SERGIK MP3s/SERGIK - Roundabout No Exit.mp3
SERGIK - Rover Coasting.mp3,SERGIK MP3s,MP3,9.38,2022-05-28,/Volumes/SERGIK 2tb2/Exports SERGIK/SERGIK MP3s/SERGIK - Rover Coasting.mp3
SERGIK - Rules Dont Apply.mp3,SERGIK MP3s,MP3,8.42,2022-07-01,/Volumes/SERGIK 2tb2/Exports SERGIK/SERGIK MP3s/SERGIK - Rules Dont Apply.mp3
SERGIK - Self Love.mp3,SERGIK MP3s,MP3,9.68,2022-03-19,/Volumes/SERGIK 2tb2/Exports SERGIK/SERGIK MP3s/SERGIK - Self Love.mp3
Sergik - Shifting.mp3,SERGIK MP3s,MP3,10.04,2022-04-16,/Volumes/SERGIK 2tb2/Exports SERGIK/SERGIK MP3s/Sergik - Shifting.mp3
SERGIK - Something.mp3,SERGIK MP3s,MP3,9.45,2023-04-08,/Volumes/SERGIK 2tb2/Exports SERGIK/SERGIK MP3s/SERGIK - Something.mp3
SERGIK - Soular Exploration.mp3,SERGIK MP3s,MP3,8.35,2022-06-28,/Volumes/SERGIK 2tb2/Exports SERGIK/SERGIK MP3s/SERGIK - Soular Exploration.mp3
SERGIK - Space Dust.mp3,SERGIK MP3s,MP3,5.63,2021-09-21,/Volumes/SERGIK 2tb2/Exports SERGIK/SERGIK MP3s/SERGIK - Space Dust.mp3
SERGIK - Spanktula.1.mp3,SERGIK MP3s,MP3,7.62,2022-03-04,/Volumes/SERGIK 2tb2/Exports SERGIK/SERGIK MP3s/SERGIK - Spanktula.1.mp3
SERGIK - Spanktula.mp3,SERGIK MP3s,MP3,7.62,2022-02-04,/Volumes/SERGIK 2tb2/Exports SERGIK/SERGIK MP3s/SERGIK - Spanktula.mp3
SERGIK - Swonky 1.mp3,SERGIK MP3s,MP3,8.07,2023-03-23,/Volumes/SERGIK 2tb2/Exports SERGIK/SERGIK MP3s/SERGIK - Swonky 1.mp3
SERGIK - Swonky.mp3,SERGIK MP3s,MP3,8.07,2023-03-22,/Volumes/SERGIK 2tb2/Exports SERGIK/SERGIK MP3s/SERGIK - Swonky.mp3
SERGIK - Take A Walk.mp3,SERGIK MP3s,MP3,8.35,2022-06-30,/Volumes/SERGIK 2tb2/Exports SERGIK/SERGIK MP3s/SERGIK - Take A Walk.mp3
SERGIK - Take.mp3,SERGIK MP3s,MP3,9.45,2022-03-04,/Volumes/SERGIK 2tb2/Exports SERGIK/SERGIK MP3s/SERGIK - Take.mp3
SERGIK - Tell me wat it do.mp3,SERGIK MP3s,MP3,9.37,2022-12-01,/Volumes/SERGIK 2tb2/Exports SERGIK/SERGIK MP3s/SERGIK - Tell me wat it do.mp3
SERGIK - Tell Me What It Do.mp3,SERGIK MP3s,MP3,9.3,2022-12-01,/Volumes/SERGIK 2tb2/Exports SERGIK/SERGIK MP3s/SERGIK - Tell Me What It Do.mp3
Sergik - Tell Me.mp3,SERGIK MP3s,MP3,9.37,2021-09-08,/Volumes/SERGIK 2tb2/Exports SERGIK/SERGIK MP3s/Sergik - Tell Me.mp3
SERGIK - Temptations.mp3,SERGIK MP3s,MP3,7.87,2021-12-13,/Volumes/SERGIK 2tb2/Exports SERGIK/SERGIK MP3s/SERGIK - Temptations.mp3
SERGIK - This is the sound.mp3,SERGIK MP3s,MP3,9.24,2021-09-09,/Volumes/SERGIK 2tb2/Exports SERGIK/SERGIK MP3s/SERGIK - This is the sound.mp3
SERGIK - Turn in to.mp3,SERGIK MP3s,MP3,9.3,2022-04-03,/Volumes/SERGIK 2tb2/Exports SERGIK/SERGIK MP3s/SERGIK - Turn in to.mp3
SERGIK - Up All Night.mp3,SERGIK MP3s,MP3,7.75,2021-12-10,/Volumes/SERGIK 2tb2/Exports SERGIK/SERGIK MP3s/SERGIK - Up All Night.mp3
SERGIK - Up n Down.mp3,SERGIK MP3s,MP3,7.7,2022-11-19,/Volumes/SERGIK 2tb2/Exports SERGIK/SERGIK MP3s/SERGIK - Up n Down.mp3
SERGIK - Vibrationz.mp3,SERGIK MP3s,MP3,9.68,2022-05-29,/Volumes/SERGIK 2tb2/Exports SERGIK/SERGIK MP3s/SERGIK - Vibrationz.mp3
SERGIK - Want What I Want.mp3,SERGIK MP3s,MP3,9.01,2022-03-10,/Volumes/SERGIK 2tb2/Exports SERGIK/SERGIK MP3s/SERGIK - Want What I Want.mp3
Sergik - Warehouse District.mp3,SERGIK MP3s,MP3,8.86,2021-12-02,/Volumes/SERGIK 2tb2/Exports SERGIK/SERGIK MP3s/Sergik - Warehouse District.mp3
SERGIK - We Got It.mp3,SERGIK MP3s,MP3,8.94,2023-02-21,/Volumes/SERGIK 2tb2/Exports SERGIK/SERGIK MP3s/SERGIK - We Got It.mp3
SERGIK - What You Gon Do.mp3,SERGIK MP3s,MP3,9.52,2022-07-20,/Volumes/SERGIK 2tb2/Exports SERGIK/SERGIK MP3s/SERGIK - What You Gon Do.mp3
SERGIK - Whats the Plan Ft. WWW.mp3,SERGIK MP3s,MP3,8.42,2021-12-17,/Volumes/SERGIK 2tb2/Exports SERGIK/SERGIK MP3s/SERGIK - Whats the Plan Ft. WWW.mp3
SERGIK - When we go.mp3,SERGIK MP3s,MP3,8.79,2023-04-19,/Volumes/SERGIK 2tb2/Exports SERGIK/SERGIK MP3s/SERGIK - When we go.mp3
SERGIK - Why Not.mp3,SERGIK MP3s,MP3,10.19,2022-05-22,/Volumes/SERGIK 2tb2/Exports SERGIK/SERGIK MP3s/SERGIK - Why Not.mp3
SERGIK - Wiggly.mp3,SERGIK MP3s,MP3,8.49,2021-10-06,/Volumes/SERGIK 2tb2/Exports SERGIK/SERGIK MP3s/SERGIK - Wiggly.mp3
SERGIK - WooksWonkWubz.mp3,SERGIK MP3s,MP3,5.75,2022-03-19,/Volumes/SERGIK 2tb2/Exports SERGIK/SERGIK MP3s/SERGIK - WooksWonkWubz.mp3
Sergik ft. 1200runway x DJ Epidemik - Its My Birthday?.mp3,SERGIK MP3s,MP3,8.86,2021-11-07,/Volumes/SERGIK 2tb2/Exports SERGIK/SERGIK MP3s/Sergik ft. 1200runway x DJ Epidemik - Its My Birthday?.mp3
SERGIK ft. Javi - LOKO.mp3,SERGIK MP3s,MP3,8.42,2022-05-13,/Volumes/SERGIK 2tb2/Exports SERGIK/SERGIK MP3s/SERGIK ft. Javi - LOKO.mp3
SERGIK ft. Residuo - Gottalotta.1.mp3,SERGIK MP3s,MP3,9.6,2022-04-03,/Volumes/SERGIK 2tb2/Exports SERGIK/SERGIK MP3s/SERGIK ft. Residuo - Gottalotta.1.mp3
SERGIK x Bone - Cosmic Cadillac.mp3,SERGIK MP3s,MP3,9.87,2022-11-04,/Volumes/SERGIK 2tb2/Exports SERGIK/SERGIK MP3s/SERGIK x Bone - Cosmic Cadillac.mp3
SERGIK x Braydo - Bicycle Day.mp3,SERGIK MP3s,MP3,8.79,2022-04-20,/Volumes/SERGIK 2tb2/Exports SERGIK/SERGIK MP3s/SERGIK x Braydo - Bicycle Day.mp3
SERGIK x Breauxx - You Can't 1.mp3,SERGIK MP3s,MP3,8.97,2023-01-19,/Volumes/SERGIK 2tb2/Exports SERGIK/SERGIK MP3s/SERGIK x Breauxx - You Can't 1.mp3
SERGIK x Breauxx - You Can't.mp3,SERGIK MP3s,MP3,8.97,2022-07-17,/Volumes/SERGIK 2tb2/Exports SERGIK/SERGIK MP3s/SERGIK x Breauxx - You Can't.mp3
SERGIK x Cafe Caderas - House Girls.mp3,SERGIK MP3s,MP3,8.28,2021-09-09,/Volumes/SERGIK 2tb2/Exports SERGIK/SERGIK MP3s/SERGIK x Cafe Caderas - House Girls.mp3
SERGIK x CEEMOAR x GOJI - SlimThick.mp3,SERGIK MP3s,MP3,8.72,2023-04-13,/Volumes/SERGIK 2tb2/Exports SERGIK/SERGIK MP3s/SERGIK x CEEMOAR x GOJI - SlimThick.mp3
SERGIK x CHKLZ - On Da Flow.mp3,SERGIK MP3s,MP3,8.8,2023-04-12,/Volumes/SERGIK 2tb2/Exports SERGIK/SERGIK MP3s/SERGIK x CHKLZ - On Da Flow.mp3
SERGIK x CHKLZ - To Da Flow.mp3,SERGIK MP3s,MP3,6.98,2023-04-10,/Volumes/SERGIK 2tb2/Exports SERGIK/SERGIK MP3s/SERGIK x CHKLZ - To Da Flow.mp3
SERGIK x Dillon Nathaniel - Moon Glazin.mp3,SERGIK MP3s,MP3,8.73,2022-05-13,/Volumes/SERGIK 2tb2/Exports SERGIK/SERGIK MP3s/SERGIK x Dillon Nathaniel - Moon Glazin.mp3
Sergik x DJ Dalle - Its Your turn.mp3,SERGIK MP3s,MP3,9.99,2021-09-20,/Volumes/SERGIK 2tb2/Exports SERGIK/SERGIK MP3s/Sergik x DJ Dalle - Its Your turn.mp3
Sergik x DJ Epidemik x 1200Runway - No Time.mp3,SERGIK MP3s,MP3,7.62,2021-10-03,/Volumes/SERGIK 2tb2/Exports SERGIK/SERGIK MP3s/Sergik x DJ Epidemik x 1200Runway - No Time.mp3
SERGIK x Emperor Obscure - Baggin On Me.mp3,SERGIK MP3s,MP3,8.94,2022-07-03,/Volumes/SERGIK 2tb2/Exports SERGIK/SERGIK MP3s/SERGIK x Emperor Obscure - Baggin On Me.mp3
SERGIK x Francisco Josue - Let Me.2.mp3,SERGIK MP3s,MP3,9.45,2021-10-02,/Volumes/SERGIK 2tb2/Exports SERGIK/SERGIK MP3s/SERGIK x Francisco Josue - Let Me.2.mp3
SERGIK x Francisco Josue - Let Me.mp3,SERGIK MP3s,MP3,9.6,2021-10-01,/Volumes/SERGIK 2tb2/Exports SERGIK/SERGIK MP3s/SERGIK x Francisco Josue - Let Me.mp3
Sergik x Grund - Oh My.mp3,SERGIK MP3s,MP3,7.62,2021-10-04,/Volumes/SERGIK 2tb2/Exports SERGIK/SERGIK MP3s/Sergik x Grund - Oh My.mp3
Sergik x Hausofdevotion - Delirium.mp3,SERGIK MP3s,MP3,6.5,2021-11-02,/Volumes/SERGIK 2tb2/Exports SERGIK/SERGIK MP3s/Sergik x Hausofdevotion - Delirium.mp3
SERGIK x Hausofdevotion - Love Again.mp3,SERGIK MP3s,MP3,7.63,2021-12-01,/Volumes/SERGIK 2tb2/Exports SERGIK/SERGIK MP3s/SERGIK x Hausofdevotion - Love Again.mp3
SERGIK x Javi - Smoke Break at Da Crib VIP.2.mp3,SERGIK MP3s,MP3,7.32,2022-04-10,/Volumes/SERGIK 2tb2/Exports SERGIK/SERGIK MP3s/SERGIK x Javi - Smoke Break at Da Crib VIP.2.mp3
SERGIK x Javi - Smoke Break at Da Crib VIP1.mp3,SERGIK MP3s,MP3,7.32,2022-04-09,/Volumes/SERGIK 2tb2/Exports SERGIK/SERGIK MP3s/SERGIK x Javi - Smoke Break at Da Crib VIP1.mp3
SERGIK x Javi - Smoke Break at Da Crib.mp3,SERGIK MP3s,MP3,7.32,2022-04-09,/Volumes/SERGIK 2tb2/Exports SERGIK/SERGIK MP3s/SERGIK x Javi - Smoke Break at Da Crib.mp3
SERGIK X JIMII - JUST IN CASE .mp3,SERGIK MP3s,MP3,10.44,2023-02-21,/Volumes/SERGIK 2tb2/Exports SERGIK/SERGIK MP3s/SERGIK X JIMII - JUST IN CASE .mp3
SERGIK X Karlido x Joc - Love in Ibiza.mp3,SERGIK MP3s,MP3,7.97,2022-10-01,/Volumes/SERGIK 2tb2/Exports SERGIK/SERGIK MP3s/SERGIK X Karlido x Joc - Love in Ibiza.mp3
SERGIK x Kody Black x Lugh Haurie - All My Friends.mp3,SERGIK MP3s,MP3,9.95,2022-03-23,/Volumes/SERGIK 2tb2/Exports SERGIK/SERGIK MP3s/SERGIK x Kody Black x Lugh Haurie - All My Friends.mp3
SERGIK x Konbot x Lavender - Moon Freakin.mp3,SERGIK MP3s,MP3,8.42,2022-08-18,/Volumes/SERGIK 2tb2/Exports SERGIK/SERGIK MP3s/SERGIK x Konbot x Lavender - Moon Freakin.mp3
SERGIK x L9V - City Circus.mp3,SERGIK MP3s,MP3,8.45,2022-04-14,/Volumes/SERGIK 2tb2/Exports SERGIK/SERGIK MP3s/SERGIK x L9V - City Circus.mp3
SERGIK x L9V - DarkPark.mp3,SERGIK MP3s,MP3,10.55,2022-06-04,/Volumes/SERGIK 2tb2/Exports SERGIK/SERGIK MP3s/SERGIK x L9V - DarkPark.mp3
Sergik x L9V - Hourglass.mp3,SERGIK MP3s,MP3,7.76,2022-02-05,/Volumes/SERGIK 2tb2/Exports SERGIK/SERGIK MP3s/Sergik x L9V - Hourglass.mp3
SERGIK x Ladell Ransom - Desiderata.mp3,SERGIK MP3s,MP3,5.81,2023-04-13,/Volumes/SERGIK 2tb2/Exports SERGIK/SERGIK MP3s/SERGIK x Ladell Ransom - Desiderata.mp3
SERGIK x LODIN - Bussin v2.mp3,SERGIK MP3s,MP3,9.3,2023-02-17,/Volumes/SERGIK 2tb2/Exports SERGIK/SERGIK MP3s/SERGIK x LODIN - Bussin v2.mp3
SERGIK x LODIN - Bussin.mp3,SERGIK MP3s,MP3,9.45,2023-02-16,/Volumes/SERGIK 2tb2/Exports SERGIK/SERGIK MP3s/SERGIK x LODIN - Bussin.mp3
Sergik x Mateo Haze - Changing Lanes.mp3,SERGIK MP3s,MP3,8.5,2021-12-16,/Volumes/SERGIK 2tb2/Exports SERGIK/SERGIK MP3s/Sergik x Mateo Haze - Changing Lanes.mp3
SERGIK x Melfice - Buggn.mp3,SERGIK MP3s,MP3,8.35,2022-05-22,/Volumes/SERGIK 2tb2/Exports SERGIK/SERGIK MP3s/SERGIK x Melfice - Buggn.mp3
SERGIK x MEUGEN - Lucid .mp3,SERGIK MP3s,MP3,4.14,2021-09-21,/Volumes/SERGIK 2tb2/Exports SERGIK/SERGIK MP3s/SERGIK x MEUGEN - Lucid .mp3
SERGIK x NOBOUNDS - Alleyways.mp3,SERGIK MP3s,MP3,10.63,2021-12-29,/Volumes/SERGIK 2tb2/Exports SERGIK/SERGIK MP3s/SERGIK x NOBOUNDS - Alleyways.mp3
Sergik x Nobounds - Not My Fault.mp3,SERGIK MP3s,MP3,8.35,2021-12-15,/Volumes/SERGIK 2tb2/Exports SERGIK/SERGIK MP3s/Sergik x Nobounds - Not My Fault.mp3
SERGIK x Optikz - Front to Da Back.mp3,SERGIK MP3s,MP3,8.28,2023-02-21,/Volumes/SERGIK 2tb2/Exports SERGIK/SERGIK MP3s/SERGIK x Optikz - Front to Da Back.mp3
SERGIK x Silent Jay - Late Morning.mp3,SERGIK MP3s,MP3,4.07,2023-04-02,/Volumes/SERGIK 2tb2/Exports SERGIK/SERGIK MP3s/SERGIK x Silent Jay - Late Morning.mp3
SERGIK x Silent Jay - Late Morning1.mp3,SERGIK MP3s,MP3,9.37,2023-04-07,/Volumes/SERGIK 2tb2/Exports SERGIK/SERGIK MP3s/SERGIK x Silent Jay - Late Morning1.mp3
SERGIK x Silent Jay - Make Me Free.mp3,SERGIK MP3s,MP3,9.23,2022-04-23,/Volumes/SERGIK 2tb2/Exports SERGIK/SERGIK MP3s/SERGIK x Silent Jay - Make Me Free.mp3
SERGIK x Silent Jay - Move n Groove.mp3,SERGIK MP3s,MP3,8.35,2023-04-02,/Volumes/SERGIK 2tb2/Exports SERGIK/SERGIK MP3s/SERGIK x Silent Jay - Move n Groove.mp3
Sergik x Silent Jay - tear the roof off.mp3,SERGIK MP3s,MP3,9.41,2023-03-31,/Volumes/SERGIK 2tb2/Exports SERGIK/SERGIK MP3s/Sergik x Silent Jay - tear the roof off.mp3
Sergik x Silent Jay - We All Turnt.mp3,SERGIK MP3s,MP3,8.4,2021-11-22,/Volumes/SERGIK 2tb2/Exports SERGIK/SERGIK MP3s/Sergik x Silent Jay - We All Turnt.mp3
SERGIK x Silent Jay x Van - Viva Ponderosa.mp3,SERGIK MP3s,MP3,8.72,2023-04-07,/Volumes/SERGIK 2tb2/Exports SERGIK/SERGIK MP3s/SERGIK x Silent Jay x Van - Viva Ponderosa.mp3
Sergik x Skeezy - Gangsta.mp3,SERGIK MP3s,MP3,12.5,2023-02-21,/Volumes/SERGIK 2tb2/Exports SERGIK/SERGIK MP3s/Sergik x Skeezy - Gangsta.mp3
SERGIK x Skeezy - Keep Myself .mp3,SERGIK MP3s,MP3,10.55,2023-02-24,/Volumes/SERGIK 2tb2/Exports SERGIK/SERGIK MP3s/SERGIK x Skeezy - Keep Myself .mp3
SERGIK x Skeezy- Brain Alter.mp3,SERGIK MP3s,MP3,12.11,2023-03-30,/Volumes/SERGIK 2tb2/Exports SERGIK/SERGIK MP3s/SERGIK x Skeezy- Brain Alter.mp3
SERGIK x SLICK FLOYD - Feelin Good.mp3,SERGIK MP3s,MP3,8.79,2022-05-06,/Volumes/SERGIK 2tb2/Exports SERGIK/SERGIK MP3s/SERGIK x SLICK FLOYD - Feelin Good.mp3
Sergik x Slick Floyd - If you want to.mp3,SERGIK MP3s,MP3,9.37,2021-11-10,/Volumes/SERGIK 2tb2/Exports SERGIK/SERGIK MP3s/Sergik x Slick Floyd - If you want to.mp3
SERGIK x Slick Floyd - Just Groove.mp3,SERGIK MP3s,MP3,8.35,2023-06-04,/Volumes/SERGIK 2tb2/Exports SERGIK/SERGIK MP3s/SERGIK x Slick Floyd - Just Groove.mp3
SERGIK x Steve - Yard man.mp3,SERGIK MP3s,MP3,6.92,2023-06-04,/Volumes/SERGIK 2tb2/Exports SERGIK/SERGIK MP3s/SERGIK x Steve - Yard man.mp3
SERGIK x Steve - Yardman.mp3,SERGIK MP3s,MP3,4.61,2023-05-27,/Volumes/SERGIK 2tb2/Exports SERGIK/SERGIK MP3s/SERGIK x Steve - Yardman.mp3
SERGIK x Zonii - kcuf.mp3,SERGIK MP3s,MP3,5.86,2022-02-08,/Volumes/SERGIK 2tb2/Exports SERGIK/SERGIK MP3s/SERGIK x Zonii - kcuf.mp3
SERGIK x Zonii - LAZER BEAMS.mp3,SERGIK MP3s,MP3,8.06,2022-02-07,/Volumes/SERGIK 2tb2/Exports SERGIK/SERGIK MP3s/SERGIK x Zonii - LAZER BEAMS.mp3
SnoopCat.mp3,SERGIK MP3s,MP3,7.26,2020-06-04,/Volumes/SERGIK 2tb2/Exports SERGIK/SERGIK MP3s/SnoopCat.mp3
space dust.mp3,SERGIK MP3s,MP3,6.7,2020-11-13,/Volumes/SERGIK 2tb2/Exports SERGIK/SERGIK MP3s/space dust.mp3
These times.mp3,SERGIK MP3s,MP3,1.62,2020-06-03,/Volumes/SERGIK 2tb2/Exports SERGIK/SERGIK MP3s/These times.mp3
This is the sound.mp3,SERGIK MP3s,MP3,9.23,2021-05-04,/Volumes/SERGIK 2tb2/Exports SERGIK/SERGIK MP3s/This is the sound.mp3
Wander.mp3,SERGIK MP3s,MP3,5.91,2021-08-07,/Volumes/SERGIK 2tb2/Exports SERGIK/SERGIK MP3s/Wander.mp3
We Should Save - Dubba Haus.mp3,SERGIK MP3s,MP3,6.66,2022-04-11,/Volumes/SERGIK 2tb2/Exports SERGIK/SERGIK MP3s/We Should Save - Dubba Haus.mp3
SERGIK  - Make it Bounce.mp3,SERGIK MP3s,MP3,9.88,2024-01-30,/Volumes/SERGIK 2tb2/Exports SERGIK/SERGIK MP3s/SERGIK  - Make it Bounce.mp3
SERGIK - Drop Dat B.mp3,SERGIK MP3s,MP3,8.15,2024-01-29,/Volumes/SERGIK 2tb2/Exports SERGIK/SERGIK MP3s/SERGIK - Drop Dat B.mp3
SERGIK x ANDINO - Intrinsic Ones.mp3,SERGIK MP3s,MP3,16.41,2024-01-28,/Volumes/SERGIK 2tb2/Exports SERGIK/SERGIK MP3s/SERGIK x ANDINO - Intrinsic Ones.mp3
SERGIK - 6 Hours In v2.mp3,Release masters,MP3,8.72,2024-04-15,/Volumes/SERGIK 2tb2/Exports SERGIK/Release masters/SERGIK - 6 Hours In v2.mp3
SERGIK - 6 Hours In v2.wav,Release masters,WAV,57.7,2024-04-15,/Volumes/SERGIK 2tb2/Exports SERGIK/Release masters/SERGIK - 6 Hours In v2.wav
